ID	COMPLETION SFX ID	PRICE	TIME TO BUILD	MODEL NAME	ICON NAME	NAME	DESCRIPTION	GROUP	TECH REQUIRED	TECH EFFECT
56	940	1	120	genericres01	icontech	Super Cheat	SuperCheat	1	0000000000000000000000000000000000000000000000010000000000000000000000000000000000000000000000000000	0000000000000000000000000000000000000000000000000000000000000000000000000000000000000000000000000000
1	940	80000	600	acs01	icontech	Reinforcement	Research this to call in the reinforcements and WIN THE GAME!	0	8000000000000000000000000000000000000000000000000000000000000000000000000000000000000000000000000000	0000000000000000000000000000000000000000000000040000000000000000000000000000000000000000000000000000
2	945	25000	120	ss103	icontech	Upgrade Supremacy	This upgrade toughens the Supremacy Center and gives players more research options, especially for Fighter-class ships.	2	020400000000000000000000000000000000A020004000100000000000000000000000000000000000000000000000000000	0000000000000000000000000000000000000000000010000000000000000000000000000000000000000000000000000000
3	945	25000	120	acs08	icontech	Upgrade Tactical Lab	This upgrade toughens the Tactical Laboratory and gives teams more research options, especially for Stealth Fighter craft.	3	020000000000000000000000000000000000A020004000100000000000001000000000000000000000000000000000000000	0000000000000000000000000000000000000000000020000000000000000000000000000000000000000000000000000000
5	945	25000	120	ss104	icontech	Upgrade Expansion	This upgrade toughens the Expansion Complex and provides more research technologies, especially for Interceptors and Troop Transports.	4	028000000000000000000000000000000000A020004000100000000000000000000000000000000000000000000000000000	0000000000000000000000000000010000000000000000000000000000000000000000000000000000000000000000000000
6	945	30000	180	ss104	icontech	Upgrade Expansion	This upgrade toughens the Expansion Complex and provides more research technologies, especially for Interceptors and Troop Transports.	4	0280040000000000000000000000000000000000000000000000000000000000000000000000000000000000000000000000	0000000000000000000000000000010000000080000000000000000000000000000000000000000000000000000000000000
171	945	10000	120	ss24a	icontech	Upgrade Garrison	This upgrade toughens the Garrison and makes available several key ship upgrades.	1	020040000000000000000000000000000000A020004000100000000000000000000000000000000000000000000000000000	0000000000000000000000000000000000000000000001000000000000000000000000000000000000000000000000000000
9	945	30000	180	ss103	icontech	Upgrade Supremacy	This upgrade toughens the Supremacy Center and gives players more research options, especially for Fighter-class ships.	2	0204040000000000000000000000000000000000000000000000000000000000000000000000000000000000000000000000	0000000000000000000000000000000000000080000010000000000000000000000000000000000000000000000000000000
10	945	30000	180	acs08	icontech	Upgrade Tactical Lab	This upgrade toughens the Tactical Laboratory and gives teams more research options, especially for Stealth Fighter craft.	3	0200040000000000000000000000000000000000000000000000000000001000000000000000000000000000000000000000	0000000000000000000000000000000000000080000020000000000000000000000000000000000000000000000000000000
11	945	16000	120	ss103	icontech	Upgrade Supremacy	This upgrade toughens the Supremacy Center and gives players more research options, especially for Fighter-class ships.	2	0204000000000000000000004000000000000000000000000000000000000000000000000000000000000000000000000000	0000000000000000000000000000000000000000000010000000000000000000000000000000000000000000000000000000
12	945	16000	120	acs08	icontech	Upgrade Tactical Lab	This upgrade toughens the Tactical Laboratory and gives teams more research options, especially for Stealth Fighter craft.	3	0200000000000000000000004000000000000000000000000000000000001000000000000000000000000000000000000000	0000000000000000000000000000000000000000000020000000000000000000000000000000000000000000000000000000
14	945	16000	120	ss104	icontech	Upgrade Expansion	This upgrade toughens the Expansion Complex and provides more research technologies, especially for Interceptors and Troop Transports.	4	0280000000000000000000004000000000000000000000000000000000000000000000000000000000000000000000000000	0000000000000000000000000000010000000000000000000000000000000000000000000000000000000000000000000000
7	945	12000	180	ss24a	icontech	Upgrade Garrison	This upgrade toughens the Garrison and makes available several key ship upgrades.	1	0200440000000000000000000000000000000000000000000000000000000000000000000000000000000000000000000000	0000000000000000000000000000000000000000000001000000000000000000000000000000000000000000000000000000
45	945	10000	120	ss24a	icontech	Upgrade Garrison	This upgrade toughens the Garrison and makes available several key ship upgrades.	1	0200C00000000000000000000000000000000000000000000000000000000000000000000000000000000000000000000000	0000000000000000000000000000000000000000000001000000000000000000000000000000000000000000000000000000
172	945	6400	120	ss24a	icontech	Upgrade Garrison	This upgrade toughens the Garrison and makes available several key ship upgrades.	1	0200400000000000000000004000000000000000000000000000000000000000000000000000000000000000000000000000	0000000000000000000000000000000000000000000001000000000000000000000000000000000000000000000000000000
47	945	30000	120	ss103	icontech	Upgrade Supremacy	This upgrade toughens the Supremacy Center and gives players more research options, especially for Fighter-class ships.	2	0204800000000000000000000000000000000000000000000000000000000000000000000000000000000000000000000000	0000000000000000000000000000000000000080000010000000000000000000000000000000000000000000000000000000
48	945	30000	120	acs08	icontech	Upgrade Tactical Lab	This upgrade toughens the Tactical Laboratory and gives teams more research options, especially for Stealth Fighter craft.	3	0200800000000000000000000000000000000000000000000000000000001000000000000000000000000000000000000000	0000000000000000000000000000000000000080000020000000000000000000000000000000000000000000000000000000
49	945	30000	120	ss104	icontech	Upgrade Expansion	This upgrade toughens the Expansion Complex and provides more research technologies, especially for Interceptors and Troop Transports.	4	0280800000000000000000000000000000000000000000000000000000000000000000000000000000000000000000000000	0000000000000000000000000000010000000080000000000000000000000000000000000000000000000000000000000000
275	945	25000	120	ss104	icontech	Upgrade Expansion	This upgrade toughens the Expansion Complex and provides more research technologies, especially for Interceptors and Troop Transports.	4	02A0000000000000000000000000000000000000000000000000000000000000010000000000000000000000000000000000	0000000000000000000000000000010000000000000000000000000000000000000000000000000000000000000000000000
4	945	20000	120	cap03	icontech	Upgrade Heavy Class	This upgrade develops heavy capital ships: Devastators & Cruisers. May also toughen the Shipyard into a Drydock.	5	021000800000000000000000000000000002E020004000100000000000000000000000000000000000000000100000000000	0000000000000000000000000000000000070000000000000000000004000000000000000000000000000000000000000000
8	945	24000	180	cap03	icontech	Upgrade Heavy Class	This upgrade develops heavy capital ships: Devastators & Cruisers. May also toughen the Shipyard into a Drydock.	5	0210040000000000000000000000000000020000000000000000008000000000000000000000000000000000000000000000	0000000000000000000000000000000000070000000000000000000004000000000000000000000000000000000000000000
13	945	10000	120	cap03	icontech	Upgrade Heavy Class	This upgrade develops heavy capital ships: Devastators & Cruisers. May also toughen the Shipyard into a Drydock.	5	0210000000000000000000004000000000020000000000000000000000000000000000000000000000000000000000000000	0000000000000000000000000000000000070000000000000000000004000000000000000000000000000000000000000000
85	945	20000	120	cap03	icontech	Upgrade Heavy Class	This upgrade develops heavy capital ships: Devastators & Cruisers. May also toughen the Shipyard into a Drydock.	5	0210800000000000000000000000000000020000000000000000008000000000000000000000000000000000000000000000	0000000000000000000000000000000000070000000000000000000004000000000000000000000000000000000000000000
29	941	10000	120	fig16	icontech	Hvy Interceptor	Develops a heavy short range craft that is the most deadly of all fighters, but is hampered by its low fuel capacity, poor scan range, lack of shielding and incompatibility with teleportation systems.	4	0201000000000000000000800000000000002020004000000000000000000000000000000000000000000000000000000000	0000000000000000000001000000000000000080000000000000000000000000000000000000000000000000000000000000
30	941	5000	120	fig16	icontech	Hvy Interceptor	Develops a heavy short range craft that is the most deadly of all fighters, but is hampered by its low fuel capacity, poor scan range, lack of shielding and incompatibility with teleportation systems.	4	0201000000000000000000804000000000000000000000000000000000000000000000000000000000000000000000000000	0000000000000000000001000000000000000080000000000000000000000000000000000000000000000000000000000000
263	945	12500	120	ss24a	icontech	Upgrade Garrison	This upgrade toughens the Garrison and makes available several key ship upgrades.	1	0220400000000000000000000000000000000000000000000000000000000000000000000000000000000000000000000000	0000000000000000000000000000000000000000000001000000000000000000000000000000000000000000000000000000
231	941	10000	120	fig05	icontech	Hvy Scout	Develops a heavy Scout with advanced scanner/targeting suites, increased armor / weapon / pack / energy capacity and 1 turret (Mini-AC). Requires Adv Scout + Tech Base (Sup/Exp/Tac).	1	0200600000000000000000000000000000002020000000020000008000000000000000000000000000000000000000000000	0000000000000000000000000000000000000000000000200000000000000000000000000000000000000000000000000000
267	945	25000	120	ss103	icontech	Upgrade Supremacy	This upgrade toughens the Supremacy Center and gives players more research options, especially for Fighter-class ships.	2	0224000000000000000000000000000000000000000000000000000000000000010000000000000000000000000000000000	0000000000000000000000000000000000000000000010000000000000000000000000000000000000000000000000000000
232	941	5000	120	fig05	icontech	Hvy Scout	Develops a heavy Scout with advanced scanner/targeting suites, increased armor / weapon / pack / energy capacity and 1 turret (Mini-AC). Requires Adv Scout + Tech Base (Sup/Exp/Tac).	1	0200600000000000000000004000000000000020000000020000008000000000000000000000000000000000000000000000	0000000000000000000000000000000000000000000000200000000000000000000000000000000000000000000000000000
31	941	7500	120	fig16	icontech	Interceptor	Develops a short range craft that is the most deadly of all fighters, but is hampered by its low fuel capacity, poor scan range, lack of shielding and incompatibility with teleportation systems.	4	0280000000000000000000000000000000002020004000000000000000000000000000000000000000000000000000000000	0000000000000000000000800000000000000000000000000000000000000000000000000000000000000000000000000000
32	941	3750	120	fig16	icontech	Interceptor	Develops a short range craft that is the most deadly of all fighters, but is hampered by its low fuel capacity, poor scan range, lack of shielding and incompatibility with teleportation systems.	4	0280000000000000000000004000000000000000000000000000000000000000000000000000000000000000000000000000	0000000000000000000000800000000000000000000000000000000000000000000000000000000000000000000000000000
18	941	10000	120	fig12	icontech	Adv Fighter	Develops an advanced Fighter for prolonged combat situations that require quick response and good range. It can carry special weapons for base attacks.	2	0202000000000000000000000000000000002020104000000000000000000000000000000000000000000000000000000000	0000000000000000000000000000000000000080020000000000000000000000000000000000000000000000000000000000
280	945	25000	120	cap03	icontech	Upgrade Heavy Class	This upgrade develops heavy capital ships: Devastators & Cruisers. May also toughen the Shipyard into a Drydock.	5	0230000000000000000000000000000000020000000000000000000000000000010000000000000000000000000000000000	0000000000000000000000000000000000070000000000000000000004000000000000000000000000000000000000000000
19	941	5000	120	fig12	icontech	Adv Fighter	Develops an advanced Fighter for prolonged combat situations that require quick response and good range. It can carry special weapons for base attacks.	2	0202000000000000000000004000000000000000100000000000000000000000000000000000000000000000000000000000	0000000000000000000000000000000000000080020000000000000000000000000000000000000000000000000000000000
20	941	7500	120	fig12	icontech	Enh Fighter	Develops an enhanced Fighter for prolonged combat situations that require quick response and good range.	2	0204000000000000000000000000000000002020004000000000000000000000000000000000000000000000000000000000	0000000000000000000000000000000000000000100000000000000000000000000000000000000000000000000000000000
271	945	25000	120	acs08	icontech	Upgrade Tactical Lab	This upgrade toughens the Tactical Laboratory and gives teams more research options, especially for Stealth Fighter craft.	3	0220000000000000000000000000000000000000000000000000000000001000010000000000000000000000000000000000	0000000000000000000000000000000000000000000020000000000000000000000000000000000000000000000000000000
24	941	10000	120	fig17	icontech	Adv Stl Fighter	Develops an advanced lightly armored combat craft which is ideal for hit-and-run attacks. It has a low sensor signature, the ability to cloak and very high-end scanners.	3	0300000000000000000000000000000000003020004000000000000000000000000000000000000000000000000000000000	0000000000000000000000000000000000000080000002000000000000000000000000000000000000000000000000000000
21	941	3750	120	fig12	icontech	Enh Fighter	Develops an enhanced Fighter for prolonged combat situations that require quick response and good range.	2	0204000000000000000000004000000000000000000000000000000000000000000000000000000000000000000000000000	0000000000000000000000000000000000000000100000000000000000000000000000000000000000000000000000000000
354	945	20000	120	cap03	icontech	Upgrade Heavy Class	This upgrade develops medium & heavy capital ships: Assault Ships, Destroyers, Devastators & Cruisers.	5	0210000000000000000000000000000000000000000000080000000000000000000000000000000000000000000000000000	0000000000000000000000000000000000070000000000000000000004000000000000000000000000000000000000000000
25	941	5000	120	fig17	icontech	Adv Stl Fighter	Develops an advanced lightly armored combat craft which is ideal for hit-and-run attacks. It has a low sensor signature, the ability to cloak and very high-end scanners.	3	0300000000000000000000004000000000001000000000000000000000000000000000000000000000000000000000000000	0000000000000000000000000000000000000080000002000000000000000000000000000000000000000000000000000000
26	941	7500	120	fig17	icontech	Stealth Fighter	Develops an enhanced lightly armored combat craft which is ideal for hit-and-run attacks. It has a low sensor signature, the ability to cloak and high-end scanners.	3	0200000000000000000000000000000000002020004000000000000000001000000000000000000000000000000000000000	0000000000000000000000000000000000001000000000000000000000000000000000000000000000000000000000000000
27	941	3750	120	fig17	icontech	Stealth Fighter	Develops an enhanced lightly armored combat craft which is ideal for hit-and-run attacks. It has a low sensor signature, the ability to cloak and high-end scanners.	3	0200000000000000000000004000000000000000000000000000000000001000000000000000000000000000000000000000	0000000000000000000000000000000000001000000000000000000000000000000000000000000000000000000000000000
33	941	7500	120	fig17	icontech	Stealth Bomber	Develops a cloakable Bomber with the tenacity of the Stealth Fighter. Requires Stealth Fighters.	3	0300000008000000000000000000000000003020000000000000000000000000000000000000000000000000000000000000	0000000000000080000000000000000000000000000000000000000000000000000000000000000000000000000000000000
15	941	7500	120	fig05	icontech	Adv Scout	Develops an tougher Scout with improved scanner suites and more missile / energy capacity.	1	0200400000000000000000000000000100002020000000000000000000000000000000000000000000000000000000000000	0000000000000000000000000000000000000000000000020000000000000000000000000000000000000000000000000000
175	941	5000	120	fig12	icontech	Fighter/Bomber	Develops a fast attack Fighter/Bomber with 1 turret (Mini-AC). It is best used in groups and is more effective with Lt Boosters. Requires Allow Shipyard, Bombers, Adv Fighters & Galvs.	2	020200000800000010000000000000000000A020020000000000000000000000000000000000000000000000000000000000	0000000000000000000000000000000000000040000000000000000000000000000000000000000000000000000000000000
272	941	5000	120	utl27	icontech	[R] HTT Armor Plating	Develops better HTT armor plating.	4	0021000000000000000000000000080000000000000000000000000000000000020000000000000000000000000000000000	0000000000000000000000000000000000000000000000000000000000000000000000400000000000000000000000000000
41	941	15000	120	utl27	icontech	Hvy Troop Transport	Develops a heavy transport that carries specially trained troops capable of taking over unshielded enemy bases with landing bays. This heavy version can be equipped with anti-base shield weapons.	4	0201000000000000000000000000000000002020000000000000000000000000000000000000000000000000000000000000	0000000000000000000000000000080000000000000000000000000000000000000000000000000000000000000000000000
34	941	3750	120	fig17	icontech	Stealth Bomber	Develops a cloakable Bomber with the tenacity of the Stealth Fighter. Requires Stealth Fighters.	3	0300000008000000000000004000000000001000000000000000000000000000000000000000000000000000000000000000	0000000000000080000000000000000000000000000000000000000000000000000000000000000000000000000000000000
281	944	3500	120	acs02	icontech	Tower SC Drone	Researches an improved SkyCap version of the Auto-Cannon Towers.	3	0200008000000000000000000000000000000000000000000000000000001000000000000000000000000000100000000000	0000000000000000000000000000000000000000000000000000000000000000000000000000000000000000040000000000
16	941	3750	120	fig05	icontech	Adv Scout	Develops an tougher Scout with improved scanner suites and more missile / energy capacity.	1	0200400000000000000000004000000100000020000000000000000000000000000000000000000000000000000000000000	0000000000000000000000000000000000000000000000020000000000000000000000000000000000000000000000000000
191	941	2500	120	fig12	icontech	Fighter/Bomber	Develops a fast attack Fighter/Bomber with 1 turret (Mini-AC). It is best used in groups and is more effective with Lt Boosters. Requires Allow Shipyard, Bombers, Adv Fighters & Galvs.	2	0202000008000000100000004000000000000000020000000000000000000000000000000000000000000000000000000000	0000000000000000000000000000000000000040000000000000000000000000000000000000000000000000000000000000
70	942	2500	120	wep09	icontech	PW Gattling Gun 3	Develops an improved version of the PW Gattling Gun 2.	2	0202000000000000000000000000400000000020000000000000000000000000000000000000000000000000100000000000	0000000000000000000000000000200000000000000000000000000000000000000000000000000000000000000000000000
71	942	2500	120	wep09	icontech	PW Gattling Gun 2	Develops an improved version of the PW Gattling Gun 1.	2	0204000000000000000000000000000000000020000000000000000000000000000000000000000000000000100000000000	0000000000000000000000000000400000000000000000000000000000000000000000000000000000000000000000000000
42	941	10000	120	utl27	icontech	Hvy Troop Transport	Develops a heavy transport that carries specially trained troops capable of taking over unshielded enemy bases with landing bays. This heavy version can be equipped with anti-base shield weapons.	4	0201000000000000000000004000000000000000000000000000000000000000000000000000000000000000000000000000	0000000000000000000000000000080000000000000000000000000000000000000000000000000000000000000000000000
23	942	5000	120	wep03	icontech	PE Plasma Gattlg Gun 3	Develops an improved version of the PE Plasma Gattlg Gun 2.	2	0202100000000000000000000000400000000000000000000000000000000000000000000000000000000000000000000000	0000000000000000000000000000200000000000000000000000000000000000000000000000000000000000000000000000
174	942	5000	120	wep03	icontech	PE Plasma Gattlg Gun 2	Develops an improved version of the PE Plasma Gattlg Gun 1.	2	0204100000000000000000000000000000000000000000000000000000000000000000000000000000000000000000000000	0000000000000000000000000000400000000000000000000000000000000000000000000000000000000000000000000000
22	941	5000	120	fig12	icontech	Patroller	Develops a small hybrid Scout/Fighter which can deploy Mine Fields, Probes, EMP Fields and use Lt Boosters.	1	0200480000000000000000000000000000000000000000000000000000000000000000000000000000000000000000000000	0000000000000000004000000000000000000000000000000000000000000000000000000000000000000000000000000000
66	942	3500	120	acs57	icontech	EW Utl Cannon 3	Develops an improved version of the EW Utl Cannon 2, which can inflict more damage.	3	0300000000000008000000000000000000000020000000000000000000000000000000000000000000000000000000000000	0000000000000004000000000000000000000000000000000000000000000000000000000000000000000000000000000000
264	942	2500	120	wep403	icontech	[R] EW Pulse Laser	Develops a fast firing Fighter energy weapon. For Scouts, Fighters & Std/Hvy Bombers only.	2	0022000000000000000000000000400000000000000000000000000000000000020000000000000000000000000000000000	0000000000000000000000000000000000000000000000000000000000000000100000000000000000000000000000000000
72	942	2500	120	wep19	icontech	EW Galvonic Blaster	Develops an Advanced Fighter energy weapon, optimized to do damage against station hulls.	2	0202000000000000000000000000000000000000080000000000000000000000000000000000000000000000000000000000	0000000000000000100000000000000000000000000000000000000000000000000000000000000000000000000000000000
67	942	3500	120	acs57	icontech	EW Utl Cannon 2	Develops an improved version of the EW Utl Cannon 1, which can inflict more damage.	3	0200000000000000000000000000000000000020000000000000800000001000000000000000000000000000000000000000	0000000000000008000000000000000000000000000000000000000000000000000000000000000000000000000000000000
307	942	3500	120	wep19	icontech	EW Stl Galvonic Blaster	Develops an Advanced Stealth Fighter energy weapon, optimized to do damage against station hulls.	3	0300001000000800000000000000000000000000000000000000000000000000000000000000000000000000000000000000	0000000000000400000000000000000000000000000000000000000000000000000000000000000000000000000000000000
69	942	3500	120	wep06	icontech	EW Sniper Rifle 2	Develops an improved version of the EW Sniper Rifle 1, which can inflict more damage.	3	0300000000001000000000000000000000000020000000000000000000000000000000000000000000000000000000000000	0000000000000800000000000000000000000000000000000000000000000000000000000000000000000000000000000000
52	941	5000	120	fig12	icontech	Omni Fighter	Develops an advanced multi-tech enabled Fighter. It can use almost all small ship class weapons from Sup/Exp/Tac. Requires Starbase + Adv Fig or Hvy Int or Adv Stl Fig.	1	0200200000000000000000004000000000000080000000000000004000000000000000000000000000000000000000000000	0000000000000000000000000000000000000000010000000000000000000000000000000000000000000000000000000000
39	941	5000	120	bom05b	icontech	Gunship	Develops a medium lumbering craft designed for base defence and escort duty. It requires turret (2 AC/SC/LT) support to be effective.	1	020020000000000000000000000000000000A020000000000000000000000000000000000000000000000000000000000000	0000000000000000000000000000000000000004000000000000000000000000000000000000000000000000000000000000
40	941	2500	120	bom05b	icontech	Gunship	Develops a medium lumbering craft designed for base defence and escort duty. It requires turret (2 AC/SC/LT) support to be effective.	1	0200200000000000000000004000000000000000000000000000000000000000000000000000000000000000000000000000	0000000000000000000000000000000000000004000000000000000000000000000000000000000000000000000000000000
73	942	2500	120	wep07	icontech	EW Disruptor 3	Develops an improved version of the EW Disruptor 2 with area effect. AoE Radius = 5m.	2	0202000000000000000000000000000000000020080000000000000000000000000000000000000000000000000000000000	0000000000000000000000000000000000000000400000000000000000000000000000000000000000000000000000000000
74	942	2500	120	wep07	icontech	EW Disruptor 2	Develops an improved version of the EW Disruptor 1.	2	0204000000000000000000000000000000000020000000000000400000000000000000000000000000000000000000000000	0000000000000000000000000000000000000000080000000000000000000000000000000000000000000000000000000000
80	942	2500	120	wep02	icontech	PW Auto-Cannon 3	Develops an improved version of the PW Auto-Cannon 2.	2	0202004040000000000000000000000000000020000000000000000000000000000000000000000000000000100000000000	0000000080000000000000000000000000000000000000000000000000000000000000000000000000000000000000000000
81	942	2500	120	wep02	icontech	PW Auto-Cannon 2	Develops an improved version of the PW Auto-Cannon 1.	2	0204004000000000000000000000000000000020000000000000000000000000000000000000000000000000100000000000	0000000040000000000000000000000000000000000000000000000000000000000000000000000000000000000000000000
180	942	5000	120	wep11	icontech	PE Plasma Auto-Cannon 3	Develops an improved version of the PE Plasma Auto-Cannon 2.	2	0202100040000000000000000000000000000000000000000000000000000000000000000000000000000000000000000000	0000000080000000000000000000000000000000000000000000000000000000000000000000000000000000000000000000
179	942	5000	120	wep11	icontech	PE Plasma Auto-Cannon 2	Develops an improved version of the PE Plasma Auto-Cannon 1.	2	0204100000000000000000000000000000000000000000000000000000000000000000000000000000000000000000000000	0000000040000000000000000000000000000000000000000000000000000000000000000000000000000000000000000000
178	942	5000	120	wep91	icontech	EW Stinger 2	Develops an improved version of the EW Stinger 1.	2	0204020000000000000000000000000000000000000000000000000000000000000000000000000000000000000000000000	0000000000000000000000000000000000000000000000000000000000100000000000000000000000000000000000000000
213	942	5000	120	wep17	icontech	EW Anti-Base Cannon 3	Develops a version of the EW Anti-Base Cannon 2 that can be fired more quickly.	2	0202100000000000000000000000000000000000000004000000000000000000000000000000000000000000000000000000	0000000000000000000000000000000000000000000000000000000000000002000000000000000000000000000000000000
243	941	5000	120	bom05b	icontech	Warden	Develops a medium attack or escort craft. It requires 1 turret to be effective.	1	0200201000000000000000000000000000000000000000000000000000000000000000000000000000000000000000000000	0000000000000000000000000000000000000100000000000000000000000000000000000000000000000000000000000000
274	944	5000	120	wep402	icontech	[R] PW Mini-Disruptor	Develops an Interceptor mounted advanced energy weapon, optimized for inflicting shield and medium-heavy armor damage.	4	0021000000000000010000000000000000000000000000000000000000000000020000000000000000000000000000000000	0000000000000000000000000000000000000000000000000000000000000000000004000000000000000000000000000000
68	942	3500	120	wep06	icontech	EW Sniper Rifle 1	Develops a Stealth Fighter mounted enhanced energy weapon, optimized for low signature, long range attacks against ships.	3	0200000000000000000000000000000000000020000000000000000000001000000000000000000000000000000000000000	0000000000001000000000000000000000000000000000000000000000000000000000000000000000000000000000000000
215	944	3500	120	wep10	icontech	PW Ion Blaster 2	Develops a more deadly version of the PW Ion Blaster 1.	3	0300100000000000000000000000000000000000000000000000000000000000000000000000000000000000000000000000	0000000000000000000000000000000000000000000000000000000000000000000000000000000000000004000000000000
76	942	5000	120	wep16	icontech	PW Mini-Gun 3	Develops an improved version of the PW Mini-Gun 2.	4	0201000000000000010000000000000000000020000000000000000000000000000000000000000000000000100000000000	0000000000000000008000000000000000000000000000000000000000000000000000000000000000000000000000000000
77	942	5000	120	wep16	icontech	PW Mini-Gun 2	Develops an improved version of the PW Mini-Gun 1.	4	0280000000000000000000000000000000000020000000000000000000000000000000000000000000000000100000000000	0000000000000000010000000000000000000000000000000000000000000000000000000000000000000000000000000000
55	945	15000	120	cap01	icontech	Upgrade Medium Class	This upgrade develops light (if no Sup/Exp/Tac) & medium capital ships: Assault Ships, Destroyers & Frigates.	5	0210800000000000000000000000000000000000000000000000000000000000000000000000000000000000000000000000	0000000000000000000000000000000000030000000000000000000000000000000000000000000000000000000000000000
224	945	15000	120	cap01	icontech	Upgrade Medium Class	This upgrade develops medium capital ships: Assault Ships, Destroyers & Frigates.	5	021000800000000000000000000000000001E020004000100000008000000000000000000000000000000000100000000000	0000000000000000000000000000000000030000000000000000000000000000000000000000000000000000000000000000
198	942	5000	120	wep08	icontech	PE Plasma Mini-Gun 3	Develops an improved version of the PE Mini-Gun 2.	4	0201100000000000010000000000000000000000000000000000000000000000000000000000000000000000000000000000	0000000000000000008000000000000000000000000000000000000000000000000000000000000000000000000000000000
183	942	5000	120	wep08	icontech	PE Plasma Mini-Gun 2	Develops an improved version of the PE Mini-Gun 1.	4	0280100000000000000000000000000000000000000000000000000000000000000000000000000000000000000000000000	0000000000000000010000000000000000000000000000000000000000000000000000000000000000000000000000000000
78	942	2500	120	wep04	icontech	PW EMP Cannon 2	Develops an improved version of the PW EMP Cannon 1 with area effect. AoE Radius = 10m.	4	0201000000000002000000000000000000000020000000000000000000000000000000000000000000000000100000000000	0000000000000001000000000000000000000000000000000000000000000000000000000000000000000000000000000000
79	942	2500	120	wep04	icontech	PW EMP Cannon 1	Develops an Interceptor mounted anti-shield particle weapon with area effect. AoE Radius = 10m.	4	0280000000000000000000000000000000000020000000000000000000000000000000000000000000000000100000000000	0000000000000002000000000000000000000000000000000000000000000000000000000000000000000000000000000000
260	941	5000	120	cap407	icontech	[P+R] Mustang	Develops a heavy Fighter with a Mini-AC, LRM Hunter missiles and 1 turret (AC).	1	0020000000000000000000000000000000000000000000000000000000000000030000000000000000000000000000000000	0000000000000000000000000000000000000000000000000000000000000000000002000000000000000000000000000000
256	941	3750	120	acs63	icontech	[R] Guardian	Develops a piloted tower (AC, SC, LT) for base defense.	1	0020000000000000000000000000000000000000000000000000000000000000020000000000000000000000000000000000	0000000000000000000000000000000000000000000000000000000000000000000000010000000000000000000000000000
212	942	5000	120	wep17	icontech	EW Anti-Base Cannon 2	Develops a more powerful version of the  EW Anti-Base Cannon 1.	2	0200100000000000000000000000000000000000000000000000000040000000000000000000000000000000000000000000	0000000000000000000000000000000000000000000004000000000000000000000000000000000000000000000000000000
301	942	2500	120	wep91	icontech	PW A-B Hammer 3	Develops a more powerful version of the PW Hammer 2.	2	0202800000000000000000000000000000000000000004000000000000000000000000000000000000000000000000000000	0000000000000000000000000000000000000000000000000000000000000002000000000000000000000000000000000000
300	942	2500	120	wep91	icontech	PW A-B Hammer 2	Develops a more powerful version of the PW Hammer 1.	2	0204800000000000000000000000000000000000000000000000000000000000000000000000000000000000000000000000	0000000000000000000000000000000000000000000004000000000000000000000000000000000000000000000000000000
200	942	2500	120	wep01	icontech	PE Plasma EMP Cann 2	Develops an improved version of the PE Plasma EMP Cannon 1 with area effect. AoE Radius = 10m.	4	0201100000000002000000000000000000000000000000000000000000000000000000000000000000000000000000000000	0000000000000001000000000000000000000000000000000000000000000000000000000000000000000000000000000000
199	942	2500	120	wep01	icontech	PE Plasma EMP Cann 1	Develops an Interceptor mounted accurate anti-shield particle/energy plasma weapon with area effect. AoE Radius = 10m.	4	0280100000000000000000000000000000000000000000000000000000000000000000000000000000000000000000000000	0000000000000002000000000000000000000000000000000000000000000000000000000000000000000000000000000000
225	945	18000	180	cap01	icontech	Upgrade Medium Class	This upgrade develops light (if no Sup/Exp/Tac) & medium capital ships: Assault Ships, Destroyers & Frigates.	5	0210040000000000000000000000000000000000000000000000000000000000000000000000000000000000000000000000	0000000000000000000000000000000000030000000000000000000000000000000000000000000000000000000000000000
255	941	9375	120	cap401	icontech	[P+R] PT Bomber	Develops a medium ship with anti-fighter/capship rockets, MRT ABs (2052/2292m @ 100/120mps) and LRM ABs (3140/3400m @ 100/120mps).	1	0020000000000000000000000000000000000000000000000000000000000000030000000000000000000000000000000000	0000000000000000000000000000000000000000000000000000000000000000040000080000000000000000000000000000
89	943	2500	120	mis05	icontech	SRM Dumbfire 3	Develops a more powerful and longer range version of the SRM Dumbfire 2.	2	0202000000000000000000000800000000000000002000000000000000000000000000000000000000000000000000000000	0000000000000000000000000400000000000000000000000000000000000000000000000000000000000000000000000000
88	943	2500	120	mis05	icontech	SRM Dumbfire 2	Develops a more powerful and longer range version of the SRM Dumbfire 1.	2	0204000000000000000000000000000000000000002000000000000000000000000000000000000000000000000000000000	0000000000000000000000000800000000000000000000000000000000000000000000000000000000000000000000000000
237	943	2500	120	mis08	icontech	SRM Quickfire 3	Develops a more powerful and longer range version of the SRM Quickfire 2. (Range 852m)	2	0202000000000000000000000000000400000000002000000000000000000000000000000000000000000000000000000000	0000000000000000000000000000000800000000000000000000000000000000000000000000000000000000000000000000
236	943	2500	120	mis08	icontech	SRM Quickfire 2	Develops a more accurate version of the SRM Quickfire 1.  (Range 788m)	2	0204000000000000000000000000000200000000002000000000000000000000000000000000000000000000000000000000	0000000000000000000000000000000400000000000000000000000000000000000000000000000000000000000000000000
98	943	5000	120	mis01	icontech	SRM EMP Missile	Develops a specialized missile that does a huge amount of damage to a target's shields (but no damage to its hull).	4	0201000000000000000000000000000000000000800000000000000000000000000000000000000000000000000000000000	0000000000000000000000000000000000000000000000000020000000000000000000000000000000000000000000000000
268	942	3500	120	wep401	icontech	[R] EW Gauss Gun	Develops a long range, high damage, low firing rate sniper gun with area effect. AoE Radius = 10m. For Stealth craft only.	3	0320000000001000000000000000000000000000000000000000000000000000020000000000000000000000000000000000	0000000000000000000000000000000000000000000000000000000000000000004000000000000000000000000000000000
227	945	7500	120	cap01	icontech	Upgrade Medium Class	This upgrade develops medium capital ships: Assault Ships, Destroyers & Frigates.	5	0210000000000000000000004000000000010000000000000000008000000000000000000000000000000000000000000000	0000000000000000000000000000000000030000000000000000000000000000000000000000000000000000000000000000
266	943	2500	120	mis403	icontech	[R] MRM Zeus	Develops an upgraded version of the Seeker missile with heavy payload and excellent CM resistance. For All Scouts, All Fighters, P.T. Bombers, Mustangs & Destroyers.	2	0022000000000000000000000800000000000000000000000000000000000000020000000000000000000000000000000000	0000000000000000000000000000000000000000000000000000000000000000000800000000000000000000000000000000
92	943	3500	120	mis07	icontech	LRM Hunter 3	Develops a more powerful version of the LRM Hunter 2.	3	0300000000000000000000000000000000000000002040000000000000000000000000000000000000000000000000000000	0000000000000000000000000000000000000000000000000000001000000000000000000000000000000000000000000000
214	944	5000	120	acs42	icontech	EW Anti-Shield Cannon	Develops a specialized weapon that does a huge amount of damage to a target's shields (but no damage to its hull).	4	0201100000000000000000000000000000000000000000000000000000000000000000000000000000000000000000000000	0000000000000000000000000000000000000000000000000000000000000000000000000000000000000008000000000000
35	941	5000	120	bom07b	icontech	Hvy Bomber	Develops a heavy Bomber with more anti-base weapon capacity.	1	0200200008000000000000000000000000002024000000000000000000000000000000000000000000000000000000000000	0000000002000000000000000000000000000000000000000000000000000000000000000000000000000000000000000000
36	941	2500	120	bom07b	icontech	Hvy Bomber	Develops a heavy Bomber with more anti-base weapon capacity.	1	0200200008000000000000004000000000000024000000000000000000000000000000000000000000000000000000000000	0000000002000000000000000000000000000000000000000000000000000000000000000000000000000000000000000000
37	941	10000	120	bom07b	icontech	Bomber	Develops a medium ship that can use anti-base weapons and has 2 turrets (AC). It is vulnerable to enemies and requires escort support to be effective.	1	0200400000000000000000000000000000002020000000000000000000000000000000000000000000000000000000000000	0000000008000000000000000000000000000000000000000000000000000000000000000000000000000000000000000000
38	941	5000	120	bom07b	icontech	Bomber	Develops a medium ship that can use anti-base weapons and has 2 turrets (AC). It is vulnerable to enemies and requires escort support to be effective.	1	0200400000000000000000004000000000000000000000000000000000000000000000000000000000000000000000000000	0000000008000000000000000000000000000000000000000000000000000000000000000000000000000000000000000000
223	941	7500	120	cap500	icontech	Enh Carrier Drone	Develops a faster, stealthier and tougher Carrier [SR] Drone with more energy and scan range (3000m). Requires Allow Shipyard.	1	4200400000000000000000000000000000002020008000000000000000000000000000000000000000000000000000000000	0000000000080000000000000000000000000000000000000000000000000000000000000000000000000000000000000000
228	945	18750	120	cap01	icontech	Upgrade Medium Class	This upgrade develops medium capital ships: Assault Ships, Destroyers & Frigates.	5	0230000000000000000000000000000000010000000000000000008000000000000000000000000000000000000000000000	0000000000000000000000000000000000030000000000000000000000000000000000000000000000000000000000000000
229	945	10000	120	cap100	icontech	Upgrade Light Class	This upgrade develops light capital ships: Freighters, Corvettes and Attack Carriers.	5	021000800000000000000000000000000000E020004000100000008000000000000000000000000000000000100000000000	0000000000000000000000000000000000010000000000000000000000000000000000000000000000000000000000000000
240	945	5000	120	cap100	icontech	Upgrade Light Class	This upgrade develops light capital ships: Freighters, Corvettes and Attack Carriers.	5	0210000000000000000000004000000000000000000000000000008000000000000000000000000000000000000000000000	0000000000000000000000000000000000010000000000000000000000000000000000000000000000000000000000000000
241	945	12500	120	cap100	icontech	Upgrade Light Class	This upgrade develops light capital ships: Freighters, Corvettes and Attack Carriers.	5	0230000000000000000000000000000000000000000000000000008000000000000000000000000000000000000000000000	0000000000000000000000000000000000010000000000000000000000000000000000000000000000000000000000000000
218	940	25000	120	cap03	icontech	Flagship.4	Assault Cruiser: 2 guns (HvyAB/AC/SC/LT/SR), 2 guns (AC/SC//LT/SR), 4 turrets (AC/SC) & LargeRip (All Ships).	5	0200100000000000000000000000000000040000000000400000000000000000000000000000000000000000000000000000	00000000000000000000000000000000000F0000000000000000000000000000000000000000000000000000000000000000
93	943	3500	120	mis07	icontech	LRM Hunter 2	Develops a more accurate version of the LRM Hunter 1.	3	0200000000000000000000000000000000000000002000000000000000001000000000000000000000000000000000000000	0000000000000000000000000000000000000000000040000000000000000000000000000000000000000000000000000000
94	943	3500	120	mis09	icontech	LRM Killer 2	Develops a more powerful version of the LRM Killer 1.	3	0300000000000000000000000000000000000000002000000000010000000000000000000000000000000000000000000000	0000000000000000000000000000000000000000000000000000002000000000000000000000000000000000000000000000
95	943	3500	120	mis09	icontech	LRM Killer 1	Develops a powerful, long range, anti-capital ship missile.	3	0200000000000000000000000000000000000000002000000000000000001000000000000000000000000000000000000000	0000000000000000000000000000000000000000000000000000010000000000000000000000000000000000000000000000
226	941	3750	120	cap500	icontech	Enh Carrier Drone	Develops a faster, stealthier and tougher Carrier [SR] Drone with more energy and scan range (3000m). Requires Allow Shipyard.	1	4200400000000000000000004000000000000000000000000000000000000000000000000000000000000000000000000000	0000000000080000000000000000000000000000000000000000000000000000000000000000000000000000000000000000
211	944	20000	120	cap03	icontech	Flagship.3	Attack Cruiser: 2 guns (HvyAB/AC/SC/LT/SR), 4 turrets (AC/SC/LT) & SmallRip (All Scouts & Fighters).	5	0210100000000000000000000000000000020000000000000000000000000000000000000000000000000000000000000000	0000000000000000000000000000000000070000000000000000000000000000000000000000000000000000000000000000
210	944	15000	120	cap03	icontech	Flagship.2	Attack Devastator: 2 guns (HvyAB/SR), 4 turrets (AC/SC/LT) & SmallRip (All Scouts & Fighters).	5	0210100000000000000000000000000000010000000000000000000000000000000000000000000000000000000000000000	0000000000000000000000000000000000030000000000000000000004000000000000000000000000000000000000000000
261	940	2500	120	rescuedrone	icontech	[R] Rescue Drone	Develops a low signature Pod rescue drone. Scan = 400m, Sig = 0.50, Speed = 60mps.	1	0020400000000000000000000000000000000000000000000000000000000000020000000000000000000000000000000000	0000000000000000000000000000000000000000000000000000000000000000000000020000000000000000000000000000
59	940	7500	120	utl11	icontech	Adv Constructor	Develops a faster, stealthier and tougher constructor.	1	0200200000000000000002000000000000002020000000000000000000000000000000000000000000000000000000000000	0000000000000000000008000000000000000000000000000000000000000000000000000000000000000000000000000000
60	940	3750	120	utl11	icontech	Adv Constructor	Develops a faster, stealthier and tougher constructor.	1	0200200000000000000002004000000000000000000000000000000000000000000000000000000000000000000000000000	0000000000000000000008000000000000000000000000000000000000000000000000000000000000000000000000000000
58	940	5000	120	utl11	icontech	Enh Constructor	Researches a faster, stealthier and tougher constructor.	1	0200400000000000000000000000000000002020000000000000000000000000000000000000000000000000000000000000	0000000000000000000002000000000000000000000000000000000000000000000000000000000000000000000000000000
61	940	2500	120	utl11	icontech	Enh Constructor	Researches a faster, stealthier and tougher constructor.	1	0200400000000000000000004000000000000000000000000000000000000000000000000000000000000000000000000000	0000000000000000000002000000000000000000000000000000000000000000000000000000000000000000000000000000
62	940	7500	120	utl101	icontech	Adv Miner	Develops a faster, stealthier and tougher miner.	1	0200200000000000000080000000000000002020000000000000000000000000000000000000000000000000000000000000	0000000000000000000040000000000000000000000000000000000000000000000000000000000000000000000000000000
192	943	2500	120	mis11	icontech	SRM Anti-Base 3	Develops a more powerful version of the SRM Anti-Base 2.	2	0202000000000000000000000000000004000000042004000000000000000000000000000000000000000000000000000000	0000000000000000000000000000000000000000000000000000000000000002000000000000000000000000000000000000
96	943	2500	120	mis11	icontech	SRM Anti-Base 2	Develops a more powerful version of the SRM Anti-Base 1.	2	0204000000000000000000000000000004000000042000000000000000000000000000000000000000000000000000000000	0000000000000000000000000000000000000000000004000000000000000000000000000000000000000000000000000000
265	943	5000	120	mis15	icontech	[R] LRM Anti-Base	Develops an enhanced long range anti-base missile with a medium warhead. Range = 2620/3140m @ 60/100mps. For Std/Hvy/PT Bombers only.	2	0022000000000000000000000000000000000000000004000000000000000000020000000000000000000000000000000000	0000000000000000000000000000000000000001000000000000000000000000000000000000000000000000000000000000
250	943	3500	120	acs01	icontech	SRP Killer 2	Develops a more powerful version of the SRP Killer 1.	3	0300100000000000000000000000000000000000000000000000010000000000000000000000000000000000000000000000	0000000000000000000000000000000000000000000000000000002000000000000000000000000000000000000000000000
249	943	3500	120	acs01	icontech	SRP Killer 1	Develops a powerful, short range, anti-capital ship projectile.	3	0200100000000000000000000000000000000000000000000000000000001000000000000000000000000000000000000000	0000000000000000000000000000000000000000000000000000010000000000000000000000000000000000000000000000
209	941	10000	120	cap03	icontech	Flagship.1	Attack Frigate: 2 guns (HvyAB), 3 turrets (AC/SC/LT) & SmallRip (All Scouts & Fighters).	5	0210100000000000000000000000000000000000000000000000000000000000000000000000000000000000000000000000	0000000000000000000000000000000000010000000000000000000000000000000000000000000000000000000000000000
273	944	2500	120	acs48	icontech	[R] Ion Booster	Develops a booster with very high endurance, medium acceleration and very low thrust. For any booster capable ship.	4	00A0000000000000000000000000000000000000000000000800000000000000020000000000000000000000000000000000	0000000000000000000000000000000000000000000000000000000000000000200000000000000000000000000000000000
126	944	5000	120	acs41	icontech	Prox Mine 3	Develops a more powerful version of the Prox Mine 2. Diameter = 250m.	4	0201000000000000000000100000000000000000000000000000000000000000000000000000000000000000100000000000	0000000800000000000000000000000000000000000000000000000000000000000000000000000000000000000000000000
127	944	5000	120	acs41	icontech	Prox Mine 2	Develops a more powerful version of the Prox Mine 1. Diameter = 200m.	4	0280000000000000000000000000000000000000000000000000000000000000000000000000000000000000100000000000	0000000000000000000000100000000000000000000000000000000000000000000000000000000000000000000000000000
252	941	15000	120	cap03	icontech	Dreadnought 4	Assault Cruiser: 2 guns (skyrip), 4 turrets (AC/SC/LT) & LargeRip (All Ships).	5	0210001000000000000000000000000000040000000000000000000000000000000000000000000000000000000000000000	00000000000000000000000000000000000F0000000000000000000000000000000000000000000000000000000000000000
251	941	12500	120	cap03	icontech	Dreadnought 3	AntiCap Frigate: 1 guns (skyrip), 3 turrets (AC/SC/LT)	5	0210001000000000000000000000000000020000000000000000000000000000000000000000000000000000000000000000	0000000000000000000000000000000000070000000000000000000004000000000000000000000000000000000000000000
245	941	10000	120	cap03	icontech	Dreadnought 2	Attack Destroyer: 2 guns (mini-ac), destoyer missiles, 2 Turrets (AC/SC/LC),  SmallRip (All Scouts & Fighters).	5	0210001000000000000000000000000000010000000000000000000000000000000000000000000000000000000000000000	0000000000000000000000000000000000030000000000000000000000000000000000000000000000000000000000000000
254	943	2500	120	mis12	icontech	XRM Anti-Base 2	Develops a more powerful version of the XRM Anti-Base 1. Requires Hvy Bombers & Allow Shipyard.	2	0202000000000000000000000000000004008400042000000000000000000000000000000000000000000000000000000000	0000000000000000000000000000000000000800000000000000000000000000000000000000000000000000000000000000
244	941	7500	120	cap03	icontech	Dreadnought 1	Corvette: 2 guns (mini-ac), 2 Turrets (AC/SC/LC)	5	0210001000000000000000000000000000000000000000000000000000000000000000000000000000000000000000000000	0000000000000000000000000000000000010000000000000000000000000000000000000000000000000000000000000000
253	943	2500	120	mis12	icontech	XRM Anti-Base 1	Develops an advanced extra-long range anti-base missile with a small warhead. Requires Hvy Bombers & Allow Shipyard.	2	0204000000000000000000000000000004008000042000000000000000000000000000000000000000000000000000000000	0000000000000000000000000000000000000400000000000000000000000000000000000000000000000000000000000000
193	943	2500	120	stshld2	icontech	XRP Anti-Base 2	Develops a more powerful version of the XRP Anti-Base 1. Requires Hvy Bombers & Allow Shipyard.	2	0202000000000000000000000000000000000400001000000000000000000000000000000000000000000000000000000000	0000000000000000000000000000000000000800000000000000000000000000000000000000000000000000000000000000
117	944	3500	120	acs38	icontech	Sig Cloak 3	Develops an improved version of the Signature Cloak 2.	3	0300000000020000000000000000000000000000000000000000000000000000000000000000000000000000000000000000	0000000000000000000000000000000000000000000000000000000800000000000000000000000000000000000000000000
118	944	3500	120	acs38	icontech	Sig Cloak 2	Develops an improved version of the Signature Cloak 1.	3	0200000000040000000000000000000000000000000000000000000000001000000000000000000000000000000000000000	0000000000020000000000000000000000000000000000000000000000000000000000000000000000000000000000000000
278	941	15000	120	cap415	icontech	[R] Harbinger of Doom	Develops a suicidal heavy-yield nuclear aleph resonator which will totally annihilate the sectors of both sides of an aleph.	5	0020000000000000000000000000000000040000000000400100000000000000020000000000000000000000000000000000	0000000000000000000000000000000000000000000000000000000000000000000020000000000000000000000000000000
28	940	2500	120	cap500	icontech	[R] Assault Carrier Drn	Upgrades Enh Carrier [SR] Drones & Attack Carriers [SR] with LargeRip teleport ability and more scan range (3600m).	5	0020000000000000000000000000000000020000000000400000000000000000020000000000000000000000000000000000	0000000000000000000000000000000000000000000000000000000000000000000000040000000000000000000000000000
277	942	5000	120	wep90	icontech	[R] EW SkyRipper LE	Develops a low energy consumption version of the EW SkyRipper, optimized for anti-base use.	5	0020000000000000000000000000000000000000000000400000000000000000020000000000000000000000000000000000	0000000000000000000000000000000000000000000000000000000000000000000080000000000000000000000000000000
57	943	2500	120	stshld1	icontech	XRP Anti-Base 1	Develops an advanced extra-long range anti-base projectile with a small warhead. Requires Hvy Bombers & Allow Shipyard.	2	0204000000000000000000000000000000000000001000000000000000000000000000000000000000000000000000000000	0000000000000000000000000000000000000400000000000000000000000000000000000000000000000000000000000000
279	944	5000	120	wep400	icontech	[R] PE Striker	Develops a long range gun for Destroyers, optimized for killing small and medium ships.	5	0030000000000000000000000000000000000000000000000000000000000000020000000000000000000000000000000000	0000000000000000000000000000000000000000000000000000000000000000008000000000000000000000000000000000
197	942	5000	120	wep92	icontech	PW Lancer 3	Develops a more powerful version of the PW Lancer 2.	5	0200020000000000000000000000000000000000000000400000000000000000800000000000000000000000000000000000	0000000000000000000000000000000000000000000000000000000000000000400000000000000000000000000000000000
196	942	5000	120	wep92	icontech	PW Lancer 2	Develops a more powerful version of the PW Lancer 1.	5	0210020000000000000000000000000000000000000000000000000000000000000000000000000000000000000000000000	0000000000000000000000000000000000000000000000000000000000000000800000000000000000000000000000000000
302	942	5000	120	acs56	icontech	PW LongTom	Develops an advanced extra-long range particle weapon typically for use on Gunship and Capital ship turrets. Does area damage.	5	0200000400000000000000000000000000000000008000400000000000000000000000000000000000000000000000000000	0000000000800000000000000000000000000000000000000000000000000000000000000000000000000000000000000000
106	944	2500	120	acs30	icontech	Sm Shield 3	Develops an improved version of the Small Shield 2 which can absorb more damage.	2	0202000000000000000000000000000080002000000000000000000000000000000000000000000000000000000000000000	0000000000000000000000000000000020000000000000000000000000000000000000000000000000000000000000000000
206	944	5000	120	proxexpl	icontech	Plasma Generator 3	Develops a more powerful version of the Plasma Generator 2. Range = 250m.	4	0201100000000000000000100000000000000000000000000000000000000000000000000000000000000000000000000000	0000000800000000000000000000000000000000000000000000000000000000000000000000000000000000000000000000
107	944	2500	120	acs30	icontech	Sm Shield 2	Develops an improved version of the Small Shield 1 which can absorb more damage.	2	0204000000000000000000000000000000002000000000000000000000000000000000000000000000000000000000000000	0000000000000000000000000000000080000000000000000000000000000000000000000000000000000000000000000000
221	944	2500	120	acs48	icontech	Hvy Booster	Develops an advanced fuel based booster rocket with medium efficiency, high acceleration and high thrust. Requires Allow Shipyard, Booster 3 & Lt Booster 1. For Adv Fighters only.	2	0202000000000000000000000000000000000000000000000C00000000000000000000000000000000000000000000000000	0000000000000000000000000000000000000000000000800000000000000000000000000000000000000000000000000000
202	942	5000	120	acs56	icontech	PE Plasma SkyCap 3	Develops a more powerful version of the PE Plasma SkyCap 2.	5	0200100200000000000000000000000000000000008000400000000000000000000000000000000000000000000000000000	0000000400000000000000000000000000000000000000000000000000000000000000000000000000000000000000000000
201	942	5000	120	acs56	icontech	PE Plasma SkyCap 2	Develops a more powerful version of the PE Plasma SkyCap 1.	5	0210100100000000000000000000000000000000000000000000000000000000000000000000000000000000000000000000	0000000200000000000000000000000000000000000000000000000000000000000000000000000000000000000000000000
63	940	3750	120	utl101	icontech	Adv Miner	Develops a faster, stealthier and tougher miner.	1	0200200000000000000080004000000000000000000000000000000000000000000000000000000000000000000000000000	0000000000000000000040000000000000000000000000000000000000000000000000000000000000000000000000000000
64	940	5000	120	utl101	icontech	Enh Miner	Researches a stealthier and tougher miner.	1	0200400000000000000000000000000000002020000000000000000000000000000000000000000000000000000000000000	0000000000000000000080000000000000000000000000000000000000000000000000000000000000000000000000000000
65	940	2500	120	utl101	icontech	Enh Miner	Researches a stealthier and tougher miner.	1	0200400000000000000000004000000000000000000000000000000000000000000000000000000000000000000000000000	0000000000000000000080000000000000000000000000000000000000000000000000000000000000000000000000000000
112	944	2500	120	acs48	icontech	Booster 3	Develops an improved version of the Booster 2 with more thrust.	2	0202000000000000000000000000000000000000000000002000000000000000000000000000000000000000000000000000	0000000000000000000000000000000000000000000000000400000000000000000000000000000000000000000000000000
269	944	3500	120	acs38	icontech	[R] Lt Sig Cloak	Develops a light version of the Signature Cloak. For Stealth craft only.	3	0020000000000000000000000000000000000000000000000000000000001000020000000000000000000000000000000000	0000000000000000000000000000000000000002000000000000000000000000000000000000000000000000000000000000
270	944	3500	120	solarinv	icontech	[R] Solar Inverter	Develops an energy charger retro-fitted on stealth craft by cloak phase inversion. For Stealth craft only.	3	0020000000000000000000000000000000000000000000000000000000001000020000000000000000000000000000000000	0000000000000000000000000000000000000000000000000000000000000000000008000000000000000000000000000000
181	944	3500	120	acs02	icontech	Combat Drone 3	Develops an improved version of the Combat Drone 2, which can inflict more damage.	3	0300020000000000000000000000000000000000000040000000000000000000000000000000000000000000000000000000	0000000000000000000000000000000000000000000000000000001000000000000000000000000000000000000000000000
205	944	5000	120	proxexpl	icontech	Plasma Generator 2	Develops a more powerful version of the Plasma Generator 1. Range = 200m.	4	0280100000000000000000000000000000000000000000000000000000000000000000000000000000000000000000000000	0000000000000000000000100000000000000000000000000000000000000000000000000000000000000000000000000000
187	940	10000	120	ss08	icontech	SpecMine (Ca)	Researches a special mining installation that generates income ($1000/min + 250 with sy on) from Carbon Asteroids. Also acts as a Teleport Receiver and rescues pods.	1	0A00480000000000000000000000000000000000000000000000000000000000000000000000000000000000000000000000	0000000000000000000000000000000000000000000000000000000000000080000000000000000000000000000000000000
188	940	10000	120	ss08	icontech	SpecMine (Ur)	Researches a special mining installation that generates income ($1000/min + 250 with sy on) from Uranium asteroids. Also acts as a Teleport Receiver and rescues pods.	1	2200480000000000000000000000000000000000000000000000000000000000000000000000000000000000000000000000	0000000000000000000000000000000000000000000000000000000000000020000000000000000000000000000000000000
182	944	3500	120	acs02	icontech	Combat Drone 2	Develops an improved version of the Combat Drone 1, which can inflict more damage.	3	0200020000000000000000000000000000000000000000000000000000001000000000000000000000000000000000000000	0000000000000000000000000000000000000000000040000000000000000000000000000000000000000000000000000000
185	944	3500	120	acs02	icontech	Hvy Cmb Drone 2	Develops an improved version of the Hvy Cmb Drone 1, which can inflict more damage.	3	0300020000000000000000000000000000000000000000000000010000000000000000000000000000000000000000000000	0000000000000000000000000000000000000000000000000000002000000000000000000000000000000000000000000000
189	940	10000	120	ss08	icontech	SpecMine (Si)	Researches a special mining installation that generates income ($1500/min + 500 with sy on) from Silicon asteroids. Also acts as a Teleport Receiver and rescues pods.	1	1200480000000000000000000000000000000000000000000000000000000000000000000000000000000000000000000000	0000000000000000000000000000000000000000000000000000000000000040000000000000000000000000000000000000
113	944	2500	120	acs48	icontech	Booster 2	Develops an improved version of the Booster 1 with more efficiency.	2	0204000004000000000000000000000000000000000000000000000000000000000000000000000000000000000000000000	0000000000000000000000000000000000000000000000002000000000000000000000000000000000000000000000000000
186	944	3500	120	acs02	icontech	Hvy Cmb Drone 1	Develops a deployable tower that briefly fires upon targeted enemies. It is optimized against capital ships.	3	0200020000000000000000000000000000000000000000000000000000001000000000000000000000000000000000000000	0000000000000000000000000000000000000000000000000000010000000000000000000000000000000000000000000000
97	943	2500	120	mis14	icontech	SRM Seismic	Develops a short-range asteroid-destroying missile that does incredible damage to rocks of all types.	1	0200400000000000000000000000000000000000040000000000000000000000000000000000000000000000000000000000	0000000000000000000000000000000000000000000000000000020000000000000000000000000000000000000000000000
82	942	5000	120	wep12	icontech	PW SkyCap 3	Develops a more powerful version of the PW SkyCap 2.	5	0200000200000000000000000000000000000000008000400000000000000000000000000000000000000000100000000000	0000000400000000000000000000000000000000000000000000000000000000000000000000000000000000000000000000
83	942	5000	120	wep12	icontech	PW SkyCap 2	Develops a more powerful version of the PW SkyCap 1.	5	0210000100000000000000000000000000000000000000000000000000000000000000000000000000000000100000000000	0000000200000000000000000000000000000000000000000000000000000000000000000000000000000000000000000000
176	943	5000	120	mis03	icontech	LRM Killer Swarm 2	Develops a more powerful version of the LRM Killer Swarm 1.	5	020000000000000000000000000000000000000004A000400000000000400000000000000000000000000000000000000000	0000000000000000000000000000000000000000000000000000000000200000000000000000000000000000000000000000
17	940	10000	120	helm	icontech	SpecMine (He)	Researches a special mining installation that generates income ($750/min) from Helium asteroids. DOES NOT act as a Teleport Receiver, but does rescues pods.	1	0200410000000000000000000000000000000000000000000000000000000000000000000000000000000000000000000000	0000000000000000000000000000000000000000000000000000000000000000000000000000000000000000004000000000
46	944	2500	120	wep11	icontech	PE Taser	Develops a long-range anti-fighter weapon for the Warden class vessel	1	0200401000000000000000000000000000000000000000000000000000000000000000000000000000000000000000000000	0000000000000000000000000000000000000000000000000000000002000000000000000000000000000000000000000000
53	944	2500	120	acs48	icontech	Cruise Booster	Develops an advanced fuel based booster with high efficiency, low acceleration and medium thrust. Requires Allow Shipyard, Booster 1 & Lt Booster 1. For Enh/Adv/Lxy Fighters & Fig/Bombers only.	2	0204000004000000000000000000000000000000000000000800000000000000000000000000000000000000000000000000	0000000000000000000000000000000000000000000080000000000000000000000000000000000000000000000000000000
128	944	2500	120	acs41	icontech	Mine Pack 2	Develops an improved version of the Mine Pack 1. Diameter = 150m.	2	0202000000000000000000000000000000000000000000000000200000000000000000000000000000000000100000000000	0000000000000000000000000000000000000000000000000000100000000000000000000000000000000000000000000000
129	944	2500	120	acs41	icontech	Mine Pack 1	Develops a compact and deadly minefield that, when deployed correctly, is very effective against chasing opponents. Diameter = 150m.	2	0204000000000000000000000000000000000000000000000000000000000000000000000000000000000000100000000000	0000000000000000000000000000000000000000000000000000200000000000000000000000000000000000000000000000
309	942	2500	120	wep01	icontech	EW Seismic Cannon	Develops a short-range asteroid-destroying weapon that does incredible damage to rocks of all types.	1	0200400000000000000000000000000000000000001000000000000000000000000000000000000000000000000000000000	0000000000000000000000000000000000000000000000000000020000000000000000000000000000000000000000000000
315	944	5000	120	wep18	icontech	ER Nanite 3	Develops an improved version of the ER Nanite 2, for more rapid repair of all ships and stations.	1	0200200000000000000000000000040000000000000000000000008000000000000000000000000000000000000000000000	0000000000000000000000000001000000000000000000000000000000000000000000000000000000000000000000000000
87	944	5000	120	wep18	icontech	ER Nanite 2	Develops an improved version of the ER Nanite 1, for more rapid repair of all ships and stations.	1	0200400000000000000000000000000000000000000000000000000000000000000000000000000000000000000000000000	0000000000000000000000000000040000000000000000000000000000000000000000000000000000000000000000000000
75	942	2500	120	wep07	icontech	EW Disruptor 1	Develops a Scout/Fighter mounted enhanced energy weapon, optimized for inflicting shield and medium-heavy armor damage.	1	0200400000000000000000000000000000000000000000000000000000000000000000000000000000000000000000000000	0000000000000000000000000000000000000000000000000000400000000000000000000000000000000000000000000000
84	942	2500	120	wep12	icontech	PW SkyCap 1	Develops an advanced particle weapon typically for use on Gunship and Capital ship turrets. Does area damage.	1	4200400000000000000000000000000000000000000000000000000000000000000000000000000000000000000000000000	0000000100000000000000000000000000000000000000000000000000000000000000000000000000000000000000000000
262	943	9375	120	wep405	icontech	[P+R] Rocket Targeting	Develops a rocket targeting system for PT Bombers.	1	0020000000000000000000000000000000000000000000000000000000000000030000000000000000000000000000000000	0000000000000000000000000000000000000000000000000000000000000000080000000000000000000000000000000000
259	943	5000	120	mis406	icontech	[P+R] MRR Lightning 2	Develops an improved version of the MRR Lightning 1.	1	0020000000000000000000000000000000000000000000000000000000000000030000000000000000000000000000000000	0000000000000000000000000000000000000000000000000000000000000000000000800000000000000000000000000000
258	943	5000	120	mis406	icontech	[P+R] LRR Thunder	Develops a long range anti-bomber and anti-capital ship rocket.	1	0020000000000000000000000000000000000000000000000000000000000000030000000000000000000000000000000000	0000000000000000000000000000000000000000000000000000000000000000000001000000000000000000000000000000
91	943	2500	120	mis06	icontech	MRM Seeker 3	Develops a more accurate, powerful, and longer range version of the MRM Seeker 2.	1	0200200000000000000000000100000000000000002000000000000000000000000000000000000000000000000000000000	0000000000000000000000000000000000000000000000000080000000000000000000000000000000000000000000000000
90	943	2500	120	mis06	icontech	MRM Seeker 2	Develops a more accurate, powerful, and longer range version of the MRM Seeker 1.	1	0200400000000000000000000000000000000000002000000000000000000000000000000000000000000000000000000000	0000000000000000000000000100000000000000000000000000000000000000000000000000000000000000000000000000
235	943	2500	120	mis08	icontech	SRM Quickfire 1	Develops a short range close combat missile: quick arming, high velocity, excellent tracking, small warhead. (Range 724m)	1	0200400000000000000000000000000000008000002000000000000000000000000000000000000000000000000000000000	0000000000000000000000000000000200000000000000000000000000000000000000000000000000000000000000000000
234	943	2500	120	mis02	icontech	LRM Aleph Res 3	Develops a 3000m damage range version of the LRM Aleph Resonator 2.	1	0200200000000000000000000000000000000000000000004000000000000000000000000000000000000000000000000080	0000000000000000000000000000000000000000000000008000000000000000000000000000000000000000000000000000
233	943	2500	120	mis02	icontech	LRM 1-Side Aleph Res	Develops a missile that will destabilize an aleph, causing a 2500m range massive damage explosion at the opposite end.	1	0200400000000000000000000000000000000000000000000100000000000000000000000000000000000000000000000000	0000000000000000000000000000000000000000000000004000000000000000000000000000000000000000000000000000
177	943	5000	120	mis03	icontech	LRM Killer Swarm 1	Develops a specialized missile swarm for maximum damage to capital ships.	5	0210000000000000000000000000000000000000042000000000000000000000000000000000000000000000000000000000	0000000000000000000000000000000000000000000000000000000000400000000000000000000000000000000000000000
99	943	5000	120	mis08	icontech	XRM Hunter Killer 3	Develops a more powerful version of the XRM Hunter Killer 2.	5	020000000000000000000000000000000000000804A000400000000000000000000000000000000000000000000000000000	0000000000000000000000000000000000000000000000000000000200000000000000000000000000000000000000000000
100	943	5000	120	mis08	icontech	XRM Hunter Killer 2	Develops a more powerful version of the XRM Hunter Killer 1.	5	0210000000000000000000000000000000000000042000000000000000000000000000000000000000000000000000000000	0000000000000000000000000000000000000008000000000000000000000000000000000000000000000000000000000000
173	943	2500	120	mis02	icontech	LRM 2-Side Aleph Res	Develops a missile that will destabilize an aleph, causing a 2500m range massive damage explosion at both ends.	1	0200400000000000000000000000000000000000000000000000000000000000000000000000000000000000000000000000	0000000000000000000000000000000000000000000000000100000000000000000000000000000000000000000000000000
54	944	2500	120	acs48	icontech	Retro Booster	Develops a fuel based reverse booster with low efficiency, low acceleration and medium thrust. Requires Allow SY & Booster 1. For Scouts only. Use WHILE reverse thrusting.	1	0200400004000000000000000000000000000000000000000000000000000000000000000000000000000000000000000000	0000000000000000000000000000000000000000000008000000000000000000000000000000000000000000000000000000
114	944	2500	120	acs48	icontech	Booster 1	Develops an enhanced fuel based booster rocket with medium efficiency, medium acceleration and medium thrust.	1	0200400000000000000000000000000000000000000000000000000000000000000000000000000000000000000000000000	0000000004000000000000000000000000000000000000000000000000000000000000000000000000000000000000000000
299	944	2500	120	acs48	icontech	Medium Booster	Develops improved version of the Light Booster 1 with better efficiency and thrust.	1	0200200000000000000000004000000000000000000000000800000000000000000000000000000000000000000000000000	0000000000000000000000000000000000000000000000000000000000000008000000000000000000000000000000000000
115	944	2500	120	acs48	icontech	Lt Booster 2	Develops improved version of the Light Booster 1 with better efficiency and thrust.	1	0200200000000000000000000000000000000000000000000800000000000000000000000000000000000000000000000000	0000000000000000000000000000000000000000000000001000000000000000000000000000000000000000000000000000
116	944	2500	120	acs48	icontech	Lt Booster 1	Develops a booster with high efficiency, medium acceleration and low thrust.	1	0200400000000000000000000000000000000000000000000000000000000000000000000000000000000000000000000000	0000000000000000000000000000000000000000000000000800000000000000000000000000000000000000000000000000
108	944	2500	120	acs39	icontech	Med Shield 3	Develops an improved version of the Medium Shield 2 which can absorb more damage.	1	0200200000000000000000000000000010000000000000000000000000000000000000000000000000000000000000000000	0000000000000000000000000000000008000000000000000000000000000000000000000000000000000000000000000000
109	944	2500	120	acs39	icontech	Med Shield 2	Develops an improved version of the Medium Shield 1 which can absorb more damage.	1	0200400000000000000000000000000000000000000000000000000000000000000000000000000000000000000000000000	0000000000000000000000000000000010000000000000000000000000000000000000000000000000000000000000000000
51	943	5000	120	mis14	icontech	XRM Torpedo 2	Develops an improved version of the XRM Torpedo 1.	5	020000000000000000000000000000000000000004A000400000000000000000000100000000000000000000000000000000	0000000000000000000000000000000000000000000000000000000000000000000200000000000000000000000000000000
120	944	5000	120	acs38	icontech	Hvy Sig Cloak 2	Develops an improved version of the Hvy Sig Cloak 1.	1	0200200000010000000000000000000000000000000000000000000000000000000000000000000000000000000000000000	0000000000000000000000000000000000000000000000000000000400000000000000000000000000000000000000000000
121	944	2500	120	acs38	icontech	Hvy Sig Cloak 1	Develops an advanced signature supression system that almost completely blinds enemy radar but rapidly drains energy while active.	1	0200480000040000000000000000000000000000000000000000000000000000000000000000000000000000000000000000	0000000000010000000000000000000000000000000000000000000000000000000000000000000000000000000000000000
119	944	2500	120	acs38	icontech	Sig Cloak 1	Develops a signature supression system that will make a ship almost invisible.	1	0200400000000000000000000000000000000000000000000000000000000000000000000000000000000000000000000000	0000000000040000000000000000000000000000000000000000000000000000000000000000000000000000000000000000
285	944	5000	120	utl23	icontech	Pulse Probe 2	Develops a short lived probe that has an excellent scan range. Range = 5000m.	4	0201000000000000000000000000000000000000000000000000000001000000000000000000000000000000000000000000	0000000000000000000000000000000000000000000000000000040000000000000000000000000000000000000000000000
124	944	5000	120	utl23	icontech	Pulse Probe 1	Develops a short lived probe that has an excellent scan range. Range = 3000m.	4	0280000000000000000000000000000000000000000000000000000000000000000000000000000000000000000000000000	0000000000000000000000000000000000000000000000000000000001000000000000000000000000000000000000000000
50	943	5000	120	mis14	icontech	XRM Torpedo 1	Develops an extra long range anti-capital ship torpedo.	5	0210000000000000000000000000000000000000042000000000000000000000000000000000000000000000000000000000	0000000000000000000000000000000000000000000000000000000000000000000100000000000000000000000000000000
146	940	2500	120	res02	icontech	GA: Faster He3 2	Global Attribute: Improve miner collection rate by 10%.	4	0201000000000000000000000000000000000000000000000000000000000000000000000000000000000000000000080000	0000000000000000000000000000000000000000000000000000000000000000000000000000000000000000000000000000
145	940	2000	120	res01	icontech	GA: Faster He3 1	Global Attribute: Improve miner collection rate by 10%.	4	0280000000000000000000000000000000000000000000000000000000000000000000000000000000000000000000000000	0000000000000000000000000000000000000000000000000000000000000000000000000000000000000000000000080000
148	940	2500	120	res02	icontech	GA: He3 Yield 2	Global Attribute: Improve miner He3 yield by 10%.	4	0201000000000000000000000000000000000000000000000000000000000000000000000000000000000000000000100000	0000000000000000000000000000000000000000000000000000000000000000000000000000000000000000000000000000
147	940	2000	120	res01	icontech	GA: He3 Yield 1	Global Attribute: Improve miner He3 yield by 10%.	4	0280000000000000000000000000000000000000000000000000000000000000000000000000000000000000000000000000	0000000000000000000000000000000000000000000000000000000000000000000000000000000000000000000000100000
101	943	5000	120	mis13	icontech	SRM Tactical Nuke 2	Develops a more powerful version of the SRM Tactical Nuke 1.	5	020000000000000000000000001000000000000004A000400000000000000000000000000000000000000000000000000000	0000000000000000000000000020000000000000000000000000000000000000000000000000000000000000000000000000
168	940	2500	120	res17	icontech	GA: Station Defense 2	Global Attribute: Improve station hull and shield strength by 10%.	4	0201000000000000000000000000000000000000000000000000000000000000000000000000000000000000000000200000	0000000000000000000000000000000000000000000000000000000000000000000000000000000000000000000000000000
102	943	5000	120	mis13	icontech	SRM Tactical Nuke 1	Develops an enhanced short range anti-base missile that packs incredible punch but has almost no tracking ability.	5	0210000000000000000000000000000000000000042000000000000000000000000000000000000000000000000000000000	0000000000000000000000000010000000000000000000000000000000000000000000000000000000000000000000000000
216	944	5000	120	wep05	icontech	EW Hvy A-B Cannon 2	Develops a more powerful version of the EW Hvy A-B Cannon 1.	5	0200100000000000000000000000000000000000000000400000000000000000000000000000000000000002000000000000	0000000000000000000000000000000000000000000000000000000000000000000000000000000000000001000000000000
167	940	2000	120	res16	icontech	GA: Station Defense 1	Global Attribute: Improve station hull and shield strength by 10%.	4	0280000000000000000000000000000000000000000000000000000000000000000000000000000000000000000000000000	0000000000000000000000000000000000000000000000000000000000000000000000000000000000000000000000200000
136	940	2500	120	res19	icontech	GA: Ship Acceleration 2	Global Attribute: Improve ship acceleration by 10%.	4	0201000000000000000000000000000000000000000000000000000000000000000000000000000000000000000000800000	0000000000000000000000000000000000000000000000000000000000000000000000000000000000000000000000000000
135	940	2000	120	res18	icontech	GA: Ship Acceleration 1	Global Attribute: Improve ship acceleration by 10%.	4	0280000000000000000000000000000000000000000000000000000000000000000000000000000000000000000000000000	0000000000000000000000000000000000000000000000000000000000000000000000000000000000000000000000800000
164	940	2500	120	res27	icontech	GA: Ship Signature 2	Global Attribute: Improve ship signature by 10%.	4	0201000000000000000000000000000000000000000000000000000000000000000000000000000000000000000000000100	0000000000000000000000000000000000000000000000000000000000000000000000000000000000000000000000000000
163	940	2000	120	res26	icontech	GA: Ship Signature 1	Global Attribute: Improve ship signature by 10%.	4	0280000000000000000000000000000000000000000000000000000000000000000000000000000000000000000000000000	0000000000000000000000000000000000000000000000000000000000000000000000000000000000000000000000000100
144	940	2500	120	res03	icontech	GA: PW&EW Damage 2	Global Attribute: Improve projectile & energy weapon damage by 10%.	4	0201000000000000000000000000000000000000000000000000000000000000000000000000000000000000000000000200	0000000000000000000000000000000000000000000000000000000000000000000000000000000000000000000000000000
143	940	2000	120	res03	icontech	GA: PW&EW Damage 1	Global Attribute: Improve projectile & energy weapon damage by 10%.	4	0280000000000000000000000000000000000000000000000000000000000000000000000000000000000000000000000000	0000000000000000000000000000000000000000000000000000000000000000000000000000000000000000000000000200
208	944	5000	120	heavyexp	icontech	Hvy Plasma Generator 2	Develops an improved version of the Hvy Plasma Generator 1. Range = 150m.	2	0202100000000000000000000000000000000000000000000000200000000000000000000000000000000000000000000000	0000000000000000000000000000000000000000000000000000100000000000000000000000000000000000000000000000
207	944	5000	120	heavyexp	icontech	Hvy Plasma Generator 1	Develops a heavy plasma field generator that, when deployed correctly, is very effective against all armor (except Util) and shields within its range. Range = 150m.	2	0204100000000000000000000000000000000000000000000000000000000000000000000000000000000000000000000000	0000000000000000000000000000000000000000000000000000200000000000000000000000000000000000000000000000
217	944	5000	120	wep05	icontech	EW Hvy A-B Cannon 1	Develops a heavy short range anti-base energy weapon.	5	0210100000000000000000000000000000000000000000000000000000000000000000000000000000000000000000000000	0000000000000000000000000000000000000000000000000000000000000000000000000000000000000002000000000000
306	944	4000	120	acs42	icontech	PW A-B Omega 2	Develops a more powerful version of the particle weapon Omega 1.	5	0200800000000000000000000000000000040000000000400000000000000000000000000000000000000000000000000000	0000000000000000000000000000000000000000000000000000000000000000000000000000000000000001000000000000
103	943	5000	120	mis12	icontech	XRM Cruise 2	Develops a more powerful version of the XRM Cruise 1.	5	020000000000000000000000000000000000000004A000400000000100000000000000000000000000000000000000000000	0000000000000000000000000000000000000000000000000200000000000000000000000000000000000000000000000000
104	943	5000	120	mis12	icontech	XRM Cruise 1	Develops an advanced extra-long range anti-base missile with a better warhead.	5	0210000000000000000000000000000000000000042000000000000000000000000000000000000000000000000000000000	0000000000000000000000000000000000000000000000000000000100000000000000000000000000000000000000000000
122	944	2500	120	utl23	icontech	EWS Probe 3	Develops a more stealthy version of the EWS Probe 2 that also has a slightly larger scan range.	2	0202000000000000000000000004000000000000000000000000000000000000000000000000000000000000000000000000	0000000000000000000000000000000000000000000000000000080000000000000000000000000000000000000000000000
123	944	2500	120	utl23	icontech	EWS Probe 2	Develops a more stealthy version of the EWS Probe 1 that also has a slightly larger scan range.	2	0204000000000000000000000000000000000000000000000000000000000000000000000000000000000000000000000000	0000000000000000000000000004000000000000000000000000000000000000000000000000000000000000000000000000
194	944	2500	120	utl74	icontech	Teleport Probe 2	Develops an improved version of the Teleport Probe 1 that activates more quickly.	2	0202000000000000000000000000000000000000000000000040000000000000000000000000000000000000000000000000	0000000000000000000000000000000000000000000000000000000000000004000000000000000000000000000000000000
160	940	2500	120	res16	icontech	GA: Ship Hull 2	Global Attribute: Improve ship hull strength by 10%.	2	0202000000000000000000000000000000000000000000000000000000000000000000000000000000000000000008000000	0000000000000000000000000000000000000000000000000000000000000000000000000000000000000000000000000000
159	940	2000	120	res16	icontech	GA: Ship Hull 1	Global Attribute: Improve ship hull strength by 10%.	2	0204000000000000000000000000000000000000000000000000000000000000000000000000000000000000000000000000	0000000000000000000000000000000000000000000000000000000000000000000000000000000000000000000008000000
162	940	2500	120	res13	icontech	GA: Ship Shield 2	Global Attribute: Improve ship shield strength and repair rate by 10%.	2	0202000000000000000000000000000000000000000000000000000000000000000000000000000000000000000000020000	0000000000000000000000000000000000000000000000000000000000000000000000000000000000000000000000000000
161	940	2000	120	res14	icontech	GA: Ship Shield 1	Global Attribute: Improve ship shield strength and repair rate by 10%.	2	0204000000000000000000000000000000000000000000000000000000000000000000000000000000000000000000000000	0000000000000000000000000000000000000000000000000000000000000000000000000000000000000000000000020000
190	944	3500	120	utl02	icontech	Station Drone 2	Develops a more deadly version of the Station Drone 1.	3	0300020000000000000000000000000000000000000000000000000000000000000000000000000000000000000000000000	0000000000000000000000000000000000000000000000000000000000000200000000000000000000000000000000000000
247	944	3500	120	acs41	icontech	EMP Mine 2	Develops an improved version of the EMP Mine 1. Diameter = 500m.	3	0300000000000000000000000000000000000000000000000001000000000000000000000000000000000000100000000000	0000000000000000000000000000000000000000000000000002000000000000000000000000000000000000000000000000
246	944	3500	120	acs41	icontech	EMP Mine 1	Develops a large and deadly electromagnetic pulse mine field that, when deployed correctly, is very effective against chasing and incoming opponents. Diameter = 400m.	3	0200000000000000000000000000000000000000000000000000000000001000000000000000000000000000100000000000	0000000000000000000000000000000000000000000000000001000000000000000000000000000000000000000000000000
138	940	2500	120	res21	icontech	GA: Ship Agility 2	Global Attribute: Improve ship agility by 10%.	3	0300000000000000000000000000000000000000000000000000000000000000000000000000000000000000000004000000	0000000000000000000000000000000000000000000000000000000000000000000000000000000000000000000000000000
137	940	2000	120	res20	icontech	GA: Ship Agility 1	Global Attribute: Improve ship agility by 10%.	3	0200000000000000000000000000000000000000000000000000000000001000000000000000000000000000000000000000	0000000000000000000000000000000000000000000000000000000000000000000000000000000000000000000004000000
140	940	2500	120	res08	icontech	GA: Ship Energy 2	Global Attribute: Improve ship energy storage by 10%.	3	0300000000000000000000000000000000000000000000000000000000000000000000000000000000000000000000010000	0000000000000000000000000000000000000000000000000000000000000000000000000000000000000000000000000000
139	940	2000	120	res07	icontech	GA: Ship Energy 1	Global Attribute: Improve ship energy storage by 10%.	3	0200000000000000000000000000000000000000000000000000000000001000000000000000000000000000000000000000	0000000000000000000000000000000000000000000000000000000000000000000000000000000000000000000000010000
142	940	2500	120	res10	icontech	GA: EW Range 2	Global Attribute: Improve energy weapon range by 10%.	3	0300000000000000000000000000000000000000000000000000000000000000000000000000000000000000000000040000	0000000000000000000000000000000000000000000000000000000000000000000000000000000000000000000000000000
141	940	2000	120	res09	icontech	GA: EW Range 1	Global Attribute: Improve energy weapon range by 10%.	3	0200000000000000000000000000000000000000000000000000000000001000000000000000000000000000000000000000	0000000000000000000000000000000000000000000000000000000000000000000000000000000000000000000000040000
166	940	2500	120	res19	icontech	GA: Ship Speed 2	Global Attribute: Improve ship speed by 10%.	3	0300000000000000000000000000000000000000000000000000000000000000000000000000000000000000000000000800	0000000000000000000000000000000000000000000000000000000000000000000000000000000000000000000000000000
150	940	2500	120	res23	icontech	GA: Missile Damage 2	Global Attribute: Improve missile damage by 10%.	2	0202000000000000000000000000000000000000002000000000000000000000000000000000000000000000000040000000	0000000000000000000000000000000000000000000000000000000000000000000000000000000000000000000000000000
149	940	2000	120	res22	icontech	GA: Missile Damage 1	Global Attribute: Improve missile damage by 10%.	2	0204000000000000000000000000000000000000002000000000000000000000000000000000000000000000000000000000	0000000000000000000000000000000000000000000000000000000000000000000000000000000000000000000040000000
154	940	2500	120	res03	icontech	GA: PW Range 2	Global Attribute: Improve projectile weapon range by 10%.	4	0201000000000000000000000000000000000000000000000000000000000000000000000000000000000000000000000400	0000000000000000000000000000000000000000000000000000000000000000000000000000000000000000000000000000
125	944	2500	120	utl74	icontech	Teleport Probe 1	Develops a short lived deployable probe that acts as a teleportation receiver.	1	0200400000000000000000000000000000000000000000000000000000000000000000000000000000000000000000000000	0000000000000000000000000000000000000000000000000040000000000000000000000000000000000000000000000000
184	944	5000	120	utl02	icontech	Hvy Station Drone 2	Develops a deployable tower that can be dropped from capital ships and  will damage nearby enemy stations before it self-destructs.	5	0200020000000000000000000000000000000000000000400000000000000000000000000000000000000000000000000000	0000000000000000000000000000000000000000000000000000000000000800000000000000000000000000000000000000
105	943	2500	120	mis14	icontech	MRM Seismic	Develops a medium range asteroid destroying missile that does incredible damage to rocks of all types. For Destroyers and Ir:Frigates/Cruisers/Battleships only.	5	0210000000000000000000000000000000000000042000000000000000000000000000000000000000000000000000000000	0000000000000000000000000000000000000200000000000000000000000000000000000000000000000000000000000000
156	940	2500	120	res05	icontech	GA: Ripcord 2	Global Attribute: Improve ship ripcord time by 10%.	2	0202000000000000000000000000000000000000000000000000000000000000000000000000000000000000000020000000	0000000000000000000000000000000000000000000000000000000000000000000000000000000000000000000000000000
155	940	2000	120	res05	icontech	GA: Ripcord 1	Global Attribute: Improve ship ripcord time by 10%.	2	0204000000000000000000000000000000000000000000000000000000000000000000000000000000000000000000000000	0000000000000000000000000000000000000000000000000000000000000000000000000000000000000000000020000000
165	940	2000	120	res18	icontech	GA: Ship Speed 1	Global Attribute: Improve ship speed by 10%.	3	0200000000000000000000000000000000000000000000000000000000001000000000000000000000000000000000000000	0000000000000000000000000000000000000000000000000000000000000000000000000000000000000000000000000800
158	940	2500	120	res29	icontech	GA: Ship Sensors 2	Global Attribute: Improve ship sensors by 10%.	2	0202000000000000000000000000000000000000000000000000000000000000000000000000000000000000000010000000	0000000000000000000000000000000000000000000000000000000000000000000000000000000000000000000000000000
110	944	5000	120	acs34	icontech	Large Shield 3	Develops an improved version of the Large Shield 2, which can absorb more damage.	5	0200000000000000000000000000000040000000008000400000000000000000000000000000000000000000000000000000	0000000000000000000000000000000000000000000000000010000000000000000000000000000000000000000000000000
152	940	2500	120	res25	icontech	GA: Missile Track 2	Global Attribute: Improve missile tracking by 20%.	3	0300000000000000000000000000000000000000002000000000000000000000000000000000000000000000000080000000	0000000000000000000000000000000000000000000000000000000000000000000000000000000000000000000000000000
130	944	2500	120	acs40	icontech	Counter 3	Develops an anti-missile decoy system that is up to 75% effective against advanced missiles.	1	0200200000000000000000008000000000000000000000000000000000000000000000000000000000000000000000000000	0000000000000000000000000000000000200000000000000000000000000000000000000000000000000000000000000000
111	944	5000	120	acs34	icontech	Large Shield 2	Develops an improved version of the Large Shield 1, which can absorb more damage.	5	0210000000000000000000000000000000000000000000000000000000000000000000000000000000000000000000000000	0000000000000000000000000000000040000000000000000000000000000000000000000000000000000000000000000000
132	944	5000	120	acs40	icontech	Hvy Counter 3	Develops an improved version of the Hvy Counter 2 that can be up to 90% effective.	5	0200000000000000000000000000000000000000008400400000000000000000000000000000000000000000000000000000	0000000000000000000000000000000000000000000800000000000000000000000000000000000000000000000000000000
131	944	2500	120	acs40	icontech	Counter 2	Develops an anti-missile decoy system that is up to 50% effective against advanced missiles. 	1	0200000000000000000000000000000000000000000000000000000000000000000000000000000000000000000000000000	0000000000000000000000008000000000000000000000000000000000000000000000000000000000000000000000000000
222	20	10	10	fig16	icontech	ACore16	TT deleted. HTT in Exp. Enh Carrier utl armor. Ripcord 1/2 ga nerf.  TF plas gen nerf.	1	0200000000000000000000000000000000000000000000000000000000000000000000000000000000000000000000000000	0000000000000000000000000000000000000000000000000000000000000000000000000000000000000000000000000040
157	940	2000	120	res28	icontech	GA: Ship Sensors 1	Global Attribute: Improve ship sensors by 10%.	2	0204000000000000000000000000000000000000000000000000000000000000000000000000000000000000000000000000	0000000000000000000000000000000000000000000000000000000000000000000000000000000000000000000010000000
151	940	2000	120	res24	icontech	GA: Missile Track 1	Global Attribute: Improve missile tracking by 20%.	3	0200000000000000000000000000000000000000002000000000000000001000000000000000000000000000000000000000	0000000000000000000000000000000000000000000000000000000000000000000000000000000000000000000080000000
153	940	2000	120	res03	icontech	GA: PW Range 1	Global Attribute: Improve projectile weapon range by 10%.	4	0280000000000000000000000000000000000000000000000000000000000000000000000000000000000000000000000000	0000000000000000000000000000000000000000000000000000000000000000000000000000000000000000000000000400
133	944	5000	120	acs40	icontech	Hvy Counter 2	Develops an improved version of the Hvy Counter 1 that can be up to 85% effective.	5	0210000000000000000000040000000000000000000000000000000000000000000000000000000000000000000000000000	0000000000000000000000000000000000000000000400000000000000000000000000000000000000000000000000000000
134	944	2500	120	acs40	icontech	Hvy Counter 1	Develops missile counter-measures for capital ships that can be up to 75% effective.	5	0210400000000000000000000000000000000000000000000000000000000000000000000000000000000000000000000000	0000000000000000000000040000000000000000000000000000000000000000000000000000000000000000000000000000
