EXPENDABLE ID	PART ID	AMOUNT	SUCCESSOR PART ID	LAUNCH COUNT	INVENTORY MODEL	PRICE	TIME TO BUILD	MODEL NAME	ICON NAME	NAME	DESCRIPTION	GROUP	TECH REQUIRED	TECH EFFECT
63	108	10	-1	1	invsmissile	0	0	mis05	part	SRM Dumb 3 QL	A QuickLoad variant of the SRM Dumbfire 3.	0	0002000000000000000000000400000000000000002000200000000040000000000000000000000000000000000000000000	0000000000000000000000000C00000000000000000000000000000000000000000000000000000000000000000000000000
62	107	10	108	1	invsmissile	0	0	mis05	part	SRM Dumb 2 QL	A QuickLoad variant of the SRM Dumbfire 2.	0	0000000000000000000000000800000000000000002000200000000040000000000000000000000000000000000000000000	0000000000000000000000000800000000000000000000000000000000000000000000000000000000000000000000000000
61	106	10	107	1	invsmissile	0	0	mis05	part	SRM Dumb 1 QL	A QuickLoad variant of the SRM Dumbfire 1.	0	0000000000000000000000000000000000000000002000200000000000000000000000000000000000000000000000000000	0000000000000000000000000000000000000000000000000000000000000000000000000000000000000000000000000000
57	102	10	-1	1	invsmissile	0	0	mis06	part	MRM Seek 3 QL	A QuickLoad variant of the MRM Seeker 3.	0	0000200000000000000000000000000000000000002000200080000000000000000000000000000000000000000000000000	0000000000000000000000000100000000000000000000000080000000000000000000000000000000000000000000000000
56	99	10	102	1	invsmissile	0	0	mis06	part	MRM Seek 2 QL	A QuickLoad variant of the MRM Seeker 2.	0	0000000000000000000000000100000000000000002000200000000000000000000000000000000000000000000000000000	0000000000000000000000000100000000000000000000000000000000000000000000000000000000000000000000000000
55	98	10	99	1	invsmissile	0	0	mis06	part	MRM Seek 1 QL	A QuickLoad variant of the MRM Seeker 1.	0	0000000000000000000000000200000000000000002000200000000000000000000000000000000000000000000000000000	0000000000000000000000000200000000000000000000000000000000000000000000000000000000000000000000000000
34	152	10	-1	1	invsmissile	0	0	mis05	part	SRM Dumbfire 3	Short range, large warhead, basic tracking missile.	0	0002000000000000000000000400000000000000002000000000000040000000000000000000000000000000000000000000	0000000000000000000000000C00000000000000000000000000000000000000000000000000000000000000000000000000
33	151	10	152	1	invsmissile	0	0	mis05	part	SRM Dumbfire 2	Short range, large warhead, basic tracking missile.	0	0000000000000000000000000800000000000000002000000000000040000000000000000000000000000000000000000000	0000000000000000000000000800000000000000000000000000000000000000000000000000000000000000000000000000
32	150	10	151	1	invsmissile	0	0	mis05	part	SRM Dumbfire 1	Short range, large warhead, basic tracking missile.	0	0000000000000000000000000000000000000000002000000000000000000000000000000000000000000000000000000000	0000000000000000000000000000000000000000000000000000000000000000000000000000000000000000000000000000
82	148	10	-1	2	invsmissile	0	0	mis405	part	MRR Lightning 2	Long range anti-small-craft rockets (up to 1.12Km at full speed)	0	0020000000000000000000000000000000000000000000000000000000000000030000800000000000000000000000000000	0000000000000000000000000000000000000000000000000000000000000000000000800000000000000000000000000000
81	147	10	148	2	invsmissile	0	0	mis405	part	MRR Lightning 1	Long range anti-small-craft rockets (up to 1.12Km at full speed)	0	0020000000000000000000000000000000000000000000000000000000000000010000000000000000000000000000000000	0000000000000000000000000000000000000000000000000000000000000000000000000000000000000000000000000000
79	145	10	-1	4	invsmissile	0	0	mis406	part	LRR Thunder	Long range anti-cap rockets with (up to 2Km)	0	0020000000000000000000000000000000000000000000000000000000000000030001000000000000000000000000000000	0000000000000000000000000000000000000000000000000000000000000000000001000000000000000000000000000000
80	146	10	-1	1	invsmissile	0	0	mis403	part	MRM Zeus	An upgraded version of the Seeker missile with heavy payload and excellent CM resistance.	0	0020000000000000000000000000000000000000000000000000000040000000020800000000000000000000000000000000	0000000000000000000000000000000000000000000000000000000000000000000800000000000000000000000000000000
7	156	10	-1	1	invsmissile	0	0	mis06	part	MRM Seeker 3	A medium range combat missile, good tracking, small warhead.	0	0000200000000000000000000000000000000000002000000080000000000000000000000000000000000000000000000000	0000000000000000000000000100000000000000000000000080000000000000000000000000000000000000000000000000
36	154	10	156	1	invsmissile	0	0	mis06	part	MRM Seeker 2	A medium range combat missile, good tracking, small warhead.	0	0000000000000000000000000100000000000000002000000000000000000000000000000000000000000000000000000000	0000000000000000000000000100000000000000000000000000000000000000000000000000000000000000000000000000
35	153	10	154	1	invsmissile	0	0	mis06	part	MRM Seeker 1	A medium range combat missile, good tracking, small warhead.	0	0000000000000000000000000200000000000000002000000000000000000000000000000000000000000000000000000000	0000000000000000000000000200000000000000000000000000000000000000000000000000000000000000000000000000
60	105	10	-1	1	invsmissile	0	0	mis08	part	SRM Quickfire 3	A short range close combat missile: quick arming, low velocity, excellent tracking, small warhead.	0	0006000000000000000000000000000800000000002000000000000000000000000000000000000000000000000000000000	0000000000000000000000000000000E00000000000000000000000000000000000000000000000000000000000000000000
59	104	10	105	1	invsmissile	0	0	mis08	part	SRM Quickfire 2	A short range close combat missile: quick arming, low velocity, excellent tracking, small warhead.	0	0000000000000000000000000000000400000000002000000000000040000000000000000000000000000000000000000000	0000000000000000000000000000000600000000000000000000000000000000000000000000000000000000000000000000
58	103	10	104	1	invsmissile	0	0	mis08	part	SRM Quickfire 1	A short range close combat missile: quick arming, low velocity, excellent tracking, small warhead.	0	0000000000000000000000000000000200000000002000000000000000000000000000000000000000000000000000000000	0000000000000000000000000000000200000000000000000000000000000000000000000000000000000000000000000000
24	31	10	-1	1	invsmissile	0	0	mis07	part	LRM Hunter 3	A long range combat missile, good tracking, small warhead.	0	0100000000000000000000000000000000000000002000000000001080000000000000000000000000000000000000000000	0000000000000000000000000000000000000000000040000000001000000000000000000000000000000000000000000000
41	159	10	31	1	invsmissile	0	0	mis07	part	LRM Hunter 2	A long range combat missile, good tracking, small warhead.	0	0000000000000000000000000000000000000000002040000000000080000000000000000000000000000000000000000000	0000000000000000000000000000000000000000000040000000000000000000000000000000000000000000000000000000
37	155	10	159	1	invsmissile	0	0	mis07	part	LRM Hunter 1	A long range combat missile with good tracking, small warhead.	0	0000000000000000000000000000000000000000002000000000000000000000000000000000000000000000000000000000	0000000000000000000000000000000000000000000000000000000000000000000000000000000000000000000000000000
23	30	2	-1	1	invsmissile	0	0	mis09	part	LRM Killer 2	Long range anti-capitol ship missile	0	0100000000000000000000000000000000000000002000000000002080000000000000000000000000000000000000000000	0000000000000000000000000000000000000000000000000000012000000000000000000000000000000000000000000000
20	20	2	30	1	invsmissile	0	0	mis09	part	LRM Killer 1	Long range anti-capitol ship missile	0	0000000000000000000000000000000000000000002000000000010080000000000000000000000000000000000000000000	0000000000000000000000000000000000000000000000000000010000000000000000000000000000000000000000000000
71	117	10	-1	1	invsmissile	0	0	acs01	part	SRP Killer 2	Short range anti-capitol ship projectile. Requires aiming.	0	0100100000000000000000000000000000000000000000000000002080000000000000000000000000000000000000000000	0000000000000000000000000000000000000000000000000000012000000000000000000000000000000000000000000000
70	116	10	117	1	invsmissile	0	0	acs01	part	SRP Killer 1	Short range anti-capitol ship projectile. Requires aiming.	0	0000100000000000000000000000000000000000000000000000010080000000000000000000000000000000000000000000	0000000000000000000000000000000000000000000000000000010000000000000000000000000000000000000000000000
8	192	3	-1	1	invsmissile	0	0	mis01	part	SRM EMP	Short range, shield destruction missile..	0	0000000000000000000000000000000000000000002000000020000000000000000000000000000000000000000000000000	0000000000000000000000000000000000000000000000000020000000000000000000000000000000000000000000000000
601	601	4	-1	1	invsmissile	0	0	mis11	part	SRM Anti-Base 3	Short range, medium warhead, quick loading anti-base missile. Range = 1300/1500m @ 60/100mps.	0	0002000000000000000000000000000004000000042000000000000040000002000000000000000000000000000000000000	0000000000000000000000000000000000000000000004000000000000000002000000000000000000000000000000000000
40	158	10	601	1	invsmissile	0	0	mis11	part	SRM Anti-Base 2	Short range, medium warhead anti-base missile. Range = 1300/1500m @ 60/100mps.	0	0000000000000000000000000000000004000000042004000000000040000000000000000000000000000000000000000000	0000000000000000000000000000000000000000000004000000000000000000000000000000000000000000000000000000
39	157	10	158	1	invsmissile	0	0	mis11	part	SRM Anti-Base 1	Short range, medium warhead anti-base missile. Range = 1300/1500m @ 60/100mps.	0	0000000000000000000000000000000004000000042000000000000000000000000000000000000000000000000000000000	0000000000000000000000000000000000000000000000000000000000000000000000000000000000000000000000000000
99	209	10	-1	1	invsmissile	0	0	mis15	part	MRT Anti-Base	Medium range, medium warhead anti-base torpedo. Range = 2052/2292 @ 100/120mps.	0	0020000000000000000000000000000000000000000000000000000000000000030000080000000000000000000000000000	0000000000000000000000000000000000000000000000000000000000000000000000080000000000000000000000000000
78	144	10	-1	1	invsmissile	0	0	mis14	part	LRM Anti-Base	Long range, small warhead anti-base missile.  Range = 2620/3140m @ 60/100mps.	0	0020000000000000000000000000000000000001000000000000000040000000020000000000000000000000000000000000	0000000000000000000000000000000000000001000000000000000000000000000000000000000000000000000000000000
75	127	10	-1	1	invsmissile	0	0	mis12	part	XRM Anti-Base 2	Extra long range, very small warhead anti-base missile. Range = 4094m @ 60mps.	0	0002000000000000000000000000000004008800002000000000000040000000000000000000000000000000000000000000	0000000000000000000000000000000000000C00000000000000000000000000000000000000000000000000000000000000
74	126	10	127	1	invsmissile	0	0	mis12	part	XRM Anti-Base 1	Extra long range, very small warhead anti-base missile. Range = 4094m @ 60mps.	0	0000000000000000000000000000000004008400002000000000000040000000000000000000000000000000000000000000	0000000000000000000000000000000000000400000000000000000000000000000000000000000000000000000000000000
31	173	10	-1	1	invsmissile	0	0	acs01	part	XRP Anti-Base 2	Extra long range, very small warhead anti-base projectile. Range = 4094m @ 60mps.	0	0002000000000000000000000000000000000800001000000000000040000000000000000000000000000000000000000000	0000000000000000000000000000000000000C00000000000000000000000000000000000000000000000000000000000000
14	165	10	173	1	invsmissile	0	0	acs01	part	XRP Anti-Base 1	Extra long range, very small warhead anti-base projectile. Range = 4094m @ 60mps.	0	0000000000000000000000000000000000000400001000000000000040000000000000000000000000000000000000000000	0000000000000000000000000000000000000400000000000000000000000000000000000000000000000000000000000000
18	18	2	-1	1	invsmissile	0	0	mis14	part	SRM Seismic	Short range anti-asteroid missile.	0	0000000000000000000000000000000000000000040000000000020000000000000000000000000000000000000000000000	0000000000000000000000000000000000000000000000000000020000000000000000000000000000000000000000000000
96	96	10	-1	5	invsmissile	0	0	mis03	part	LRM Killer Swarm 2	Long range anti-capitol ship missile	0	0000000000000000000000000000000000000000042000400000000000200000000000000000000000000000000000000000	0000000000000000000000000000000000000000000000000000000000600000000000000000000000000000000000000000
95	95	10	96	5	invsmissile	0	0	mis03	part	LRM Killer Swarm 1	Long range anti-capitol ship missile	0	0000000000000000000000000000000000000000042000000000000000400000000000000000000000000000000000000000	0000000000000000000000000000000000000000000000000000000000400000000000000000000000000000000000000000
25	32	4	-1	1	invsmissile	0	0	mis08	part	XRM Hunter Klr 3	A long range anti-fighter missile, good tracking and payload.	0	0010000000000000000000000000000000000000042000400000000200000000000000000000000000000000000000000000	0000000000000000000000000000000000000008000000000000000200000000000000000000000000000000000000000000
46	164	10	32	1	invsmissile	0	0	mis08	part	XRM Hunter Klr 2	A long range anti-fighter missile, good tracking and payload.	0	0010000000000000000000000000000000000008042000000000000000000000000000000000000000000000000000000000	0000000000000000000000000000000000000008000000000000000000000000000000000000000000000000000000000000
45	163	10	164	1	invsmissile	0	0	mis08	part	XRM Hunter Klr 1	A long range anti-fighter missile, good tracking and payload.	0	0010000000000000000000000000000000000000042000000000000000000000000000000000000000000000000000000000	0000000000000000000000000000000000000000000000000000000000000000000000000000000000000000000000000000
84	194	1	-1	2	invsmissile	0	0	mis14	part	XRM Torpedo 2	Extra long range anti-capitol ship torpedo.	0	0000000000000000000000000000000000000000042000400000000000000000000200000000000000000000000000000000	0000000000000000000000000000000000000000000000000000000000000000000300000000000000000000000000000000
76	193	1	194	2	invsmissile	0	0	mis14	part	XRM Torpedo 1	Extra long range anti-capitol ship torpedo.	0	0000000000000000000000000000000000000000042000000000000000000000000100000000000000000000000000000000	0000000000000000000000000000000000000000000000000000000000000000000100000000000000000000000000000000
43	161	10	-1	1	invsmissile	0	0	mis13	part	SRM Tactical Nuke 2	Short range anti-base missile, massive warhead. Range = 2220m @ 75mps.	0	0010000000000000000000000020000000000000042000400000000000000000000000000000000000000000000000000000	0000000000000000000000000030000000000000000000000000000000000000000000000000000000000000000000000000
42	160	10	161	1	invsmissile	0	0	mis13	part	SRM Tactical Nuke 1	Short range anti-base missile, massive warhead. Range = 2220m @ 75mps.	0	0010000000000000000000000010000000000000042000000000000000000000000000000000000000000000000000000000	0000000000000000000000000010000000000000000000000000000000000000000000000000000000000000000000000000
4	11	10	-1	1	invsmissile	0	0	mis12	part	XRM Cruise 2	Extra long range, low yield, anti-base missile. Range = 5550m @ 75mps.	0	0010000000000000000000000000000000000000042000400200000000000000000000000000000000000000000000000000	0000000000000000000000000000000000000000000000000200000100000000000000000000000000000000000000000000
3	10	10	11	1	invsmissile	0	0	mis12	part	XRM Cruise 1	Extra long range, low yield, anti-base missile. Range = 5550m @ 75mps.	0	0010000000000000000000000000000000000000042000000000000100000000000000000000000000000000000000000000	0000000000000000000000000000000000000000000000000000000100000000000000000000000000000000000000000000
83	149	2	-1	1	invsmissile	5000	0	mis400	part	SRM Doomsday Res	A missile that totally annihilates both ends of an aleph. Minimal range.	0	0030000000000000000000000000000000000000000000000000000000000000020020000000000000000000000000000000	0000000000000000000000000000000000000000000000000000000000000000000020000000000000000000000000000000
28	48	1	-1	1	invsmissile	1000	0	mis10	part	MRM Nerve Gas	Missile containing nerve gas. Captures any unshielded station. Range = 750-2625m+ depending on ship speed.	0	0010000000000000000000004000000000000000000000000000000000000000000000000000000000000000000000000000	0000000000000000000000000000000000000000000000000000000000000000000000000000000000000000000000000000
44	162	10	-1	1	invsmissile	0	0	mis14	part	MRM Seismic	Medium range anti-asteroid missile.	0	0010000000000000000000000000000000000200042000000000000000000000000000000000000000000000000000000000	0000000000000000000000000000000000000200000000000000000000000000000000000000000000000000000000000000
850	850	2	-1	1	invsmine	0	0	utl02	part	Station Drone 2	A deployable tower that briefly fires upon nearby enemy stations.	0	0300020000000000000000000000000000000000000000000000000000000200000000000000000000000000000000000000	0000000000000000000000000000000000000000000000000000000000000200000000000000000000000000000000000000
1002	1002	2	850	1	invsmine	0	0	utl02	part	Station Drone 1	A deployable tower that briefly fires upon nearby enemy stations.	0	0200020000000000000000000000000000000000000000000000000000000000000000000000000000000000000000000000	0000000000000000000000000000000000000000000000000000000000000000000000000000000000000000000000000000
861	861	2	-1	1	invsmine	0	0	utl02	part	Hvy Station 2	A deployable tower that briefly fires upon nearby enemy stations.	0	0200020000000000000000000000000000000000000000400000000000000800000000000000000000000000000000000000	0000000000000000000000000000000000000000000000000000000000000800000000000000000000000000000000000000
862	862	2	861	1	invsmine	0	0	utl02	part	Hvy Station 1	A deployable tower that briefly fires upon nearby enemy stations.	0	0200020000000000000000000000000000000000000000000000000000000000000000000000000000000000000000000000	0000000000000000000000000000000000000000000000000000000000000000000000000000000000000000000000000000
800	800	2	-1	1	invsmine	0	0	acs02	part	Combat Drone 3	A deployable tower that briefly fires upon nearby enemies. Optimized against Fighter-class ships.	0	0300020000000000000000000000000000000000000000000000001080000000000000000000000000000000000000000000	0000000000000000000000000000000000000000000040000000001000000000000000000000000000000000000000000000
1001	1001	2	800	1	invsmine	0	0	acs02	part	Combat Drone 2	A deployable tower that briefly fires upon nearby enemies. Optimized against Fighter-class ships.	0	0200020000000000000000000000000000000000000040000000000080000000000000000000000000000000000000000000	0000000000000000000000000000000000000000000040000000000000000000000000000000000000000000000000000000
1000	1000	2	1001	1	invsmine	0	0	acs02	part	Combat Drone 1	A deployable tower that briefly fires upon nearby enemies. Optimized against Fighter-class ships.	0	0000020000000000000000000000000000000000000000000000000000000000000000000000000000000000000000000000	0000000000000000000000000000000000000000000000000000000000000000000000000000000000000000000000000000
871	871	2	-1	1	invsmine	0	0	acs03	part	Hvy Combat 2	A deployable tower that briefly fires upon nearby enemies. Optimized against capital ships.	0	0300020000000000000000000000000000000000000000000000002000000000000000000000000000000000000000000000	0000000000000000000000000000000000000000000000000000012000000000000000000000000000000000000000000000
872	872	2	871	1	invsmine	0	0	acs03	part	Hvy Combat 1	A deployable tower that briefly fires upon nearby enemies. Optimized against capital ships.	0	0200020000000000000000000000000000000000000000000000010000000000000000000000000000000000000000000000	0000000000000000000000000000000000000000000000000000010000000000000000000000000000000000000000000000
98	207	1	-1	1	invsmine	0	0	dn_ptlasbls	part	Laser Blossom 2	An advanced laser array mine, optimized against medium-large craft & groups. Range = 250-375m.	0	0000000000000000000000000000000000000000000000000000000000000000000000000000000000000000000000000080	0000000000000000000000000000000000000000000000000000000000000000000000000000000000000000000000000000
97	206	1	207	1	invsmine	0	0	dn_ptlasbls	part	Laser Blossom 1	An advanced laser array mine, optimized against medium-large craft & groups. Range = 250-350m.	0	0000000000000000000000000000000000000000000000000000000000000000000000000000000000000000000000000080	0000000000000000000000000000000000000000000000000000000000000000000000000000000000000000000000000000
49	70	1	-1	1	invsmine	0	0	heavyexp	part	Hvy Plas Gen 2	A heavy plasma field generator, optimized against all armor (except Util) and shields.	0	0002100000000000000000000000000000000000000000000000100040000000000000000000000000000000000000000000	0000000000000000000000000000000000000000000000000000300000000000000000000000000000000000000000000000
48	69	1	70	1	invsmine	0	0	heavyexp	part	Hvy Plas Gen 1	A heavy plasma field generator, optimized against all armor (except Util) and shields.	0	0000100000000000000000000000000000000000000000000000200040000000000000000000000000000000000000000000	0000000000000000000000000000000000000000000000000000200000000000000000000000000000000000000000000000
13	14	2	-1	1	invsmine	0	0	dn_ptminpak	part	Mine Pack 2	Small area (150m), low density (1800), short lifespan (5s), large payload (900:spd) anti-fighter mine field.	0	0002000000000000000000000000000000000000000000000000100040000000000000000000000000000000100000000000	0000000000000000000000000000000000000000000000000000300000000000000000000000000000000000000000000000
12	13	2	14	1	invsmine	0	0	dn_ptminpak	part	Mine Pack 1	Small area (150m), low density (1400), short lifespan (5s), large payload (700:spd) anti-fighter mine field.	0	0000000000000000000000000000000000000000000000000000200040000000000000000000000000000000100000000000	0000000000000000000000000000000000000000000000000000200000000000000000000000000000000000000000000000
47	68	1	-1	1	invsmine	0	0	proxexpl	part	Plas Gen 3	A plasma field generator, optimized against light & medium armor.	0	0001100800000000000000000000000000000000000000000000000020000000000000000000000000000000000000000000	0000000800000000000000100000000000000000000000000000000000000000000000000000000000000000000000000000
38	66	1	68	1	invsmine	0	0	proxexpl	part	Plas Gen 2	A plasma field generator, optimized against light & medium armor.	0	0000100000000000000000100000000000000000000000000000000020000000000000000000000000000000000000000000	0000000000000000000000100000000000000000000000000000000000000000000000000000000000000000000000000000
30	65	1	66	1	invsmine	0	0	proxexpl	part	Plas Gen 1	A plasma field generator, optimized against light & medium armor.	0	0000100000000000000000000000000000000000000000000000000000000000000000000000000000000000000000000000	0000000000000000000000000000000000000000000000000000000000000000000000000000000000000000000000000000
10	57	2	-1	1	invsmine	0	0	dn_ptminprx	part	Prox Mine 3	Medium area (250m), high density (3000), medium lifespan (21s), medium payload (600:spd) anti-fighter mine field.	0	0001000800000000000000000000000000000000000000000000000020000000000000000000000000000000100000000000	0000000800000000000000100000000000000000000000000000000000000000000000000000000000000000000000000000
9	58	2	57	1	invsmine	0	0	dn_ptminprx	part	Prox Mine 2	Medium area (200m), medium density (2500), medium lifespan (18s), medium payload (500:spd) anti-fighter mine field.	0	0000000000000000000000100000000000000000000000000000000020000000000000000000000000000000100000000000	0000000000000000000000100000000000000000000000000000000000000000000000000000000000000000000000000000
11	59	2	58	1	invsmine	0	0	dn_ptminprx	part	Prox Mine 1	Medium area (200m), medium density (2000), medium lifespan (15s), medium payload (400:spd) anti-fighter mine field.	0	0000000000000000000000000000000000000000000000000000000000000000000000000000000000000000100000000000	0000000000000000000000000000000000000000000000000000000000000000000000000000000000000000000000000000
68	114	2	-1	1	invsmine	0	0	dn_ptminemp	part	EMP Mine 2	Large area (500m), high density (3000), medium lifespan (21s), small payload (300:spd) electromagnetic pulse mine field.	0	0100000000000000000000000000000000000000000000000002000080000000000000000000000000000000000000000000	0000000000000000000000000000000000000000000000000003000000000000000000000000000000000000000000000000
67	113	2	114	1	invsmine	0	0	dn_ptminemp	part	EMP Mine 1	Large area (400m), medium density (2500), medium lifespan (18s), small payload (250:spd) electromagnetic pulse mine field.	0	0000000000000000000000000000000000000000000000000001000080000000000000000000000000000000000000000000	0000000000000000000000000000000000000000000000000001000000000000000000000000000000000000000000000000
16	16	1	-1	1	invsmine	0	0	utl23	part	EWS Probe 3	Detects enemy insurgence. Good vision and signature.	0	0002000000000000000000000000000000000000000000000000080040000000000000000000000000000000000000000000	0000000000000000000000000004000000000000000000000000080000000000000000000000000000000000000000000000
15	15	1	16	1	invsmine	0	0	utl23	part	EWS Probe 2	Detects enemy insurgence. Moderate vision and signature.	0	0000000000000000000000000004000000000000000000000000000040000000000000000000000000000000000000000000	0000000000000000000000000004000000000000000000000000000000000000000000000000000000000000000000000000
22	81	1	15	1	invsmine	0	0	utl23	part	EWS Probe 1	Detects enemy insurgence. Small vision, high signature.	0	0000000000000000000000000008000000000000000000000000000000000000000000000000000000000000000000000000	0000000000000000000000000000000000000000000000000000000000000000000000000000000000000000000000000000
17	17	2	-1	1	invsmine	0	0	utl23	part	Pulse Probe 2	Momentary 5000m radius scan range snapshot.	0	0000000000000000000000000000000000000000000000000000040000000000000000000000000000000000000000000000	0000000000000000000000000000000000000000000000000000040001000000000000000000000000000000000000000000
54	54	10	-1	1	invchaff	0	0	acs40	part	Hvy Counter 3	An anti-missile decoy system for capital ships.	0	0010000000000000000000000000000000000000000800400000000000000000000000000000000000000000000000000000	0000000000000000000000040000000000000000000C00000000000000000000000000000000000000000000000000000000
53	53	10	54	1	invchaff	0	0	acs40	part	Hvy Counter 2	An anti-missile decoy system for capital ships.	0	0010000000000000000000000000000000000000000400000000000000000000000000000000000000000000000000000000	0000000000000000000000040000000000000000000400000000000000000000000000000000000000000000000000000000
50	180	10	53	1	invchaff	0	0	acs40	part	Hvy Counter 1	An anti-missile decoy system for capital ships.	0	0010000000000000000000040000000000000000000000000000000000000000000000000000000000000000000000000000	0000000000000000000000040000000000000000000000000000000000000000000000000000000000000000000000000000
26	86	15	-1	1	invchaff	0	0	acs40	part	Counter 3	An anti-missile decoy system for smaller craft.	0	0000200000000000000000000000000000200000000000000000000000000000000000000000000000000000000000000000	0000000000000000000000008000000000200000000000000000000000000000000000000000000000000000000000000000
27	85	15	86	1	invchaff	0	0	acs40	part	Counter 2	An anti-missile decoy system for smaller craft.	0	0000000000000000000000008000000000000000000000000000000000000000000000000000000000000000000000000000	0000000000000000000000008000000000000000000000000000000000000000000000000000000000000000000000000000
21	80	10	85	1	invchaff	0	0	acs40	part	Counter 1	An anti-missile decoy system for smaller craft.	0	0000000000000000000000000000000000000000000000000000000000000000000000000000000000000000000000000000	0000000000000000000000000000000000000000000000000000000000000000000000000000000000000000000000000000
51	73	1	-1	1	invsmine	250	0	utl04	part	Beacon	Rescues lifepods that reach it	0	0200100000000000000000000000000000000000000000000000000000000000000000000000000000000000000000000000	0000000000000000000000000000000000000000000000000000000000000000000000000000000000000000000000000000
19	19	1	-1	1	invsmine	250	0	utl04	part	Rescue	Rescues lifepods that reach it	0	0200040000000000000000000000000000000000000000000000000000000000000000000000000000000000000000000000	0000000000000000000000000000000000000000000000000000000000000000000000000000000000000000000000000000
2	2	1	-1	1	invsmine	100	0	utl04	part	Sanctuary	Rescues any lifepod that reaches it	0	0200000000000000000000004000000000000000000000000000000000000000000000000000000000000000000000000000	0000000000000000000000000000000000000000000000000000000000000000000000000000000000000000000000000000
600	600	1	-1	1	invsmine	500	0	utl74	part	Teleport Probe 2	A deployable probe that briefly acts as a teleport receiver.	0	0002000000000000000000000000000000000000000000000000000040000004000000000000000000000000000000000000	0000000000000000000000000000000000000000000000000040000000000004000000000000000000000000000000000000
6	1	2	600	1	invsmine	500	0	utl74	part	Teleport Probe 1	A deployable probe that briefly acts as a teleport receiver.	0	0000000000000000000000000000000000000000000000000040000000000000000000000000000000000000000000000000	0000000000000000000000000000000000000000000000000040000000000000000000000000000000000000000000000000
1	830	1	-1	1	invsmine	1000	0	acs41	part	Caltrop Mine	Large area (400m), medium density (2000), extra long lifespan (10m), medium payload (400:spd) anti-fighter mine field.	0	0200020000000000000000000000000000000000000000000000000000000000000000000000000000000000000000000000	0000000000000000000000000000000000000000000000000000000000000000000000000000000000000000000000000000
5	5	2	-1	1	invsmissile	1000	0	mis02	part	LRM 2-Side Aleph Res	A missile that causes widespread distruction around both ends of an aleph. Radius = 2500m.	0	0000000000000000000000000000000000000000000000000100000000000000000000000000000000000000000000000000	0000000000000000000000000000000000000000000000000100000000000000000000000000000000000000000000000000
29	90	2	-1	1	invsmissile	1000	0	mis02	part	LRM 1-Side Aleph Res	A missile that causes widespread distruction around the opposite end of an aleph. Radius = 2500m.	0	0000000000000000000000000000000000000000000000004000000000000000000000000000000000000000000000000000	0000000000000000000000000000000000000000000000004100000000000000000000000000000000000000000000000000
52	97	2	-1	1	invsmissile	2000	0	mis02	part	LRM Aleph Res 3	A missile that causes widespread distruction around both ends of an aleph. Radius = 3000m.	0	0000000000000000000000000000000000000000000000008000000000000000000000000000000000000000000000000000	000000000000000000000000000000000000000000000000C100000000000000000000000000000000000000000000000000
85	176	1	-1	1	invsmine	1000	0	acs04	part	Tower AC Drone	Static Auto-Cannon Defense Tower.	0	0000080000000000000000000000000000000000000000000000000000000000000000000000000000000000000000000000	0000000000000000000000000000000000000000000000000000000000000000000000000000000000000000000000000000
86	166	1	-1	1	invsmine	1000	0	acs04	part	Tower AC Drone	Static Auto-Cannon Defense Tower.	0	0000000000000000000000000000000000000000000000080000000000000000000000000000000000000000000000000000	0000000000000000000000000000000000000000000000000000000000000000000000000000000000000000000000000000
87	167	1	-1	1	invsmine	1000	0	acs04	part	Tower AC Drone	Static Auto-Cannon Defense Tower.	0	0000040000000000000000000000000000000000000000000000000000000000000000000000000000000000000000000000	0000000000000000000000000000000000000000000000000000000000000000000000000000000000000000000000000000
88	168	1	-1	1	invsmine	1000	0	acs04	part	Tower AC Drone	Static Auto-Cannon Defense Tower.	0	0000000000000000000000004000000000000000000000000000000000000000000000000000000000000000000000000000	0000000000000000000000000000000000000000000000000000000000000000000000000000000000000000000000000000
89	169	1	-1	1	invsmine	1000	0	acs04	part	Tower AC Drone	Static Auto-Cannon Defense Tower.	0	0000020000000000000000000000000000000000000000000000000000000000000000000000000000000000000000000000	0000000000000000000000000000000000000000000000000000000000000000000000000000000000000000000000000000
90	170	1	-1	1	invsmine	1000	0	acs04	part	Tower AC Drone	Static Auto-Cannon Defense Tower.	0	0000010000000000000000000000000000000000000000000000000000000000000000000000000000000000000000000000	0000000000000000000000000000000000000000000000000000000000000000000000000000000000000000000000000000
92	172	1	-1	1	invsmine	1000	0	acs04	part	Tower AC Drone	Static Auto-Cannon Defense Tower.	0	0020000000000000000000000000000000000000000000000000000000000000000000000000000000000000000000000000	0000000000000000000000000000000000000000000000000000000000000000000000000000000000000000000000000000
100	178	1	-1	1	invsmine	1500	0	acs04	part	Tower SC Drone	Static SkyCap Defense Tower.	0	0000080000000000000000000000000000000000000000000000000080000000000000000000000000000000040000000000	0000000000000000000000000000000000000000000000000000000000000000000000000000000000000000040000000000
101	179	1	-1	1	invsmine	1500	0	acs04	part	Tower SC Drone	Static SkyCap Defense Tower.	0	0000000000000000000000000000000000000000000000080000000080000000000000000000000000000000040000000000	0000000000000000000000000000000000000000000000000000000000000000000000000000000000000000040000000000
102	181	1	-1	1	invsmine	1500	0	acs04	part	Tower SC Drone	Static SkyCap Defense Tower.	0	0000040000000000000000000000000000000000000000000000000080000000000000000000000000000000040000000000	0000000000000000000000000000000000000000000000000000000000000000000000000000000000000000040000000000
103	182	1	-1	1	invsmine	1500	0	acs04	part	Tower SC Drone	Static SkyCap Defense Tower.	0	0000000000000000000000004000000000000000000000000000000080000000000000000000000000000000040000000000	0000000000000000000000000000000000000000000000000000000000000000000000000000000000000000040000000000
104	183	1	-1	1	invsmine	1500	0	acs04	part	Tower SC Drone	Static SkyCap Defense Tower.	0	0000020000000000000000000000000000000000000000000000000080000000000000000000000000000000040000000000	0000000000000000000000000000000000000000000000000000000000000000000000000000000000000000040000000000
105	184	1	-1	1	invsmine	1500	0	acs04	part	Tower SC Drone	Static SkyCap Defense Tower.	0	0000010000000000000000000000000000000000000000000000000080000000000000000000000000000000040000000000	0000000000000000000000000000000000000000000000000000000000000000000000000000000000000000040000000000
106	185	1	-1	1	invsmine	1500	0	acs04	part	Tower SC Drone	Static SkyCap Defense Tower.	0	0000100000000000000000000000000000000000000000000000000000000000000000000000000000000000040000000000	0000000000000000000000000000000000000000000000000000000000000000000000000000000000000000040000000000
107	186	1	-1	1	invsmine	1500	0	acs04	part	Tower SC Drone	Static SkyCap Defense Tower.	0	0020000000000000000000000000000000000000000000000000000080000000000000000000000000000000040000000000	0000000000000000000000000000000000000000000000000000000000000000000000000000000000000000040000000000
109	218	1	-1	1	invsmine	1000	0	acs04	part	Tower AC Drone	Static Auto-Cannon Defense Tower.	0	0000800000000000000000000000000000000000000000000000000000000000000000000000000000000000000000000000	0000000000000000000000000000000000000000000000000000000000000000000000000000000000000000000000000000
110	219	1	-1	1	invsmine	1500	0	acs04	part	Security Tower	Static Auto-Cannon Defense Tower.	0	0000001000000000000000000000000000000000000000000000000000000000000000000000000000000000000000000000	0000000000000000000000000000000000000000000000000000000000000000000000000000000000000000000000000000
111	220	1	-1	1	invsmine	1500	0	acs04	part	Tower SC Drone	Static SkyCap Defense Tower.	0	0000800000000000000000000000000000000000000000000000000080000000000000000000000000000000040000000000	0000000000000000000000000000000000000000000000000000000000000000000000000000000000000000040000000000
112	221	1	-1	1	invsmine	2000	0	acs04	part	Hvy Sec. Tower	Anti Captial ship tower. Big enough to hide a nan behind.	0	0000001000000000000000000000000000000000000000000000000080000000000000000000000000000000000000000000	0000000000000000000000000000000000000000000000000000000000000000000000000000000000000000040000000000
73	225	1	-1	1	invsmine	0	0	utl02	part	Seismic Drone	A deployable tower that briefly fires upon the targeted asteroid.	0	0200020000000000000000000000000000000000000000000000020000000000000000000000000000000000000000000000	0000000000000000000000000000000000000000000000000000020000000000000000000000000000000000000000000000
113	232	2	17	1	invsmine	0	0	utl23	part	Pulse Probe 1	Momentary 3000m radius scan range snapshot.	0	0000000000000000000000000000000000000000000000000000000021000000000000000000000000000000000000000000	0000000000000000000000000000000000000000000000000000000001000000000000000000000000000000000000000000
117	235	15	-1	2	invchaff	0	0	acs40	part	Flare	An anti-missile decoy system for smaller craft.	0	0000000000000000000000000000000000000000000000000000000000000000000000000000000000000000000000000080	0000000000000000000000000000000000000000000000000000000000000000000000000000000000000000000000000000
120	238	10	-1	2	invsmissile	0	0	weed_nuke	part	XRM Cruise Nuke	Extra long range anti-base missile, massive warhead. Range = 2220m @ 75mps.	0	0000000000000000000000000000000000000000000000000000000000000000000000000000000000000000000000000080	0000000000000000000000000000000000000000000000000000000000000000000000000000000000000000000000000000
121	239	4	-1	3	invsmissile	0	0	weed_pred	part	XRM Predator	A long range anti-fighter missile, good tracking and payload.	0	0000000000000000000000000000000000000000000000000000000000000000000000000000000000000000000000000080	0000000000000000000000000000000000000000000000000000000000000000000000000000000000000000000000000000
