ID	SIGNATURE	MAX ARMOR HP	MAX SHIELD HP	ARMOR REGEN RATE	SHIELD REGEN RATE	SCANNER RANGE	INCOME	RADIUS	SUCCESSOR STATION TYPE ID	ARMOR DEFENSE ID	SHIELD DEFENSE ID	ABILITIES	ALLOWED ASTEROIDS	CLASS ID	CON DRONE ID	TEXTURE NAME	CON NAME	PRICE	TIME TO BUILD	MODEL NAME	ICON NAME	NAME	DESCRIPTION	GROUP	TECH REQUIRED	TECH EFFECT	TECH SELF
2	1	6666	6666	15	30	2400	0	302.5	-1	12 (Ultra Light Base Armor)	13 (Ultra Light Base Shields)	CanOffloadMinerals CanStartHere CanRestartHere CanBeCaptured CanLandHere CanRepair CanReload 	CanBeRegular 	1	27		.OutpostLt	3750	90	ss92	dn_hsout	Outpost (Lt)	Build to move your launch point closer to the enemy and to establish territorial control. It provides no technology benefits.	0	0000080000000000000000000000000000000000000000000000000000000001000000000000000000000000000000000000	0008000000000000000000000000000000000000000000000000000000000000000000000000000000000000000000000000	0000000000000000000000001000000000000000000000000000000000000001000000000000000000000000000000000000
14	2.5	6666	3333	10	20	2400	0	121	-1	12 (Ultra Light Base Armor)	13 (Ultra Light Base Shields)	CanOffloadMinerals CanTeleportOffloadMinerals CanRescuePods 	CanBeRegular 	4	27		.RefineryLt	2250	90	ss06	refinery	Refinery (Lt)	Build near He3 Asteroids to shorten round trip for Miners	0	0000080000000000000000000000000000000000000000000000000000000001000000000000000000000000000000000000	0000000000000000000000000000000000000000000000000000000000000000000000000000000000000000000000000000	0000000000000000000000000000000000000000000000000000000000000000000000000000000000000000000000000000
47	0.5	6666	3333	10	20	2400	0	60	-1	12 (Ultra Light Base Armor)	13 (Ultra Light Base Shields)	CanRipHere CanRescuePods 	CanBeRegular 	3	27		.TeleportLt	2250	90	utl06	ripstation	Teleport (Lt)	Build to establish a rapid-response transportation system. Good in defense and offense.	0	0000080000000000000000000000000000000000000000000000000000000001000000000000000000000000000000000000	0000000000000000000000000000000000000000000000000000000000000000000000000000000000000000000000000000	0000000000000000000000000000000000000000000000000000000000000000000000000000000000000000000000000000
22	0.75	6000	4000	10	20	2400	1250	121	-1	12 (Ultra Light Base Armor)	13 (Ultra Light Base Shields)	CanRipHere CanRescuePods 	CanBeCarbon 	10	27		.SpecMineCa	6000	90	ss08	iconspref	SpecMine (Ca)	Build on Carbonaceous asteroids to generate additional income ($1250/min). Also acts as a Teleport Receiver and rescues pods.	0	4000080000000000000000000000000000000000000000000000000000010080000000000000000000000000000000000000	0000000000000000000000000000000000000000000000000000000000000000000000000000000000000000000000000000	0000000000000000000000000000000000000000000000000000000000000000000000000000000000000000000000000000
58	0.5	6000	3000	10	20	2400	1000	121	22	12 (Ultra Light Base Armor)	13 (Ultra Light Base Shields)	CanRipHere CanRescuePods 	CanBeCarbon 	10	27		.SpecMineCa	6000	90	ss08	iconspref	SpecMine S (Ca)	Build on Carbonaceous asteroids to generate additional income ($1000/min). Also acts as a Teleport Receiver and rescues pods.	0	0000080000000000000000000000000000000000000000000000000000010080000000000000000000000000000000000000	0000000000000000000000000000000000000000000000000000000000000000000000000000000000000000000000000000	0000000000000000000000000000000000000000000000000000000000000000000000000000000000000000000000000000
21	1.25	6000	8000	10	40	2400	1250	121	-1	12 (Ultra Light Base Armor)	13 (Ultra Light Base Shields)	CanRipHere CanRescuePods 	CanBeUranium 	9	27		.SpecMineUr	6000	90	ss08	iconspref	SpecMine (Ur)	Build on Uranium asteroids to generate additional income ($1250/min). Also acts as a Teleport Receiver and rescues pods.	0	4000080000000000000000000000000000000000000000000000000000010020000000000000000000000000000000000000	0000000000000000000000000000000000000000000000000000000000000000000000000000000000000000000000000000	0000000000000000000000000000000000000000000000000000000000000000000000000000000000000000000000000000
59	1.25	6000	8000	10	40	2400	1000	121	21	12 (Ultra Light Base Armor)	13 (Ultra Light Base Shields)	CanRipHere CanRescuePods 	CanBeUranium 	9	27		.SpecMineUr	6000	90	ss08	iconspref	SpecMine S (Ur) 	Build on Uranium asteroids to generate additional income ($1000/min). Also acts as a Teleport Receiver and rescues pods.	0	0000080000000000000000000000000000000000000000000000000000010020000000000000000000000000000000000000	0000000000000000000000000000000000000000000000000000000000000000000000000000000000000000000000000000	0000000000000000000000000000000000000000000000000000000000000000000000000000000000000000000000000000
23	1.25	6000	4000	10	20	2400	2000	121	-1	12 (Ultra Light Base Armor)	13 (Ultra Light Base Shields)	CanRipHere CanRescuePods 	CanBeSilicon 	11	27		.SpecMineSi	8000	90	ss08	iconspref	SpecMine (Si)	Build on Silicon asteroids to generate additional income ($2000/min). Also acts as a Teleport Receiver and rescues pods.	0	4000080000000000000000000000000000000000000000000000000000010040000000000000000000000000000000000000	0000000000000000000000000000000000000000000000000000000000000000000000000000000000000000000000000000	0000000000000000000000000000000000000000000000000000000000000000000000000000000000000000000000000000
57	1.25	6000	3000	10	20	2400	1500	121	23	12 (Ultra Light Base Armor)	13 (Ultra Light Base Shields)	CanRipHere CanRescuePods 	CanBeSilicon 	11	27		.SpecMineSi	8000	90	ss08	iconspref	SpecMine S (Si)	Build on Silicon asteroids to generate additional income ($1500/min). Also acts as a Teleport Receiver and rescues pods.	0	0000080000000000000000000000000000000000000000000000000000010040000000000000000000000000000000000000	0000000000000000000000000000000000000000000000000000000000000000000000000000000000000000000000000000	0000000000000000000000000000000000000000000000000000000000000000000000000000000000000000000000000000
74	2.5	20000	10000	40	100	3000	0	540	-1	7 (Heavy Base)	10 (Heavy Base Shields)	CanStartHere CanRestartHere CanBeCaptured CanLandHere CanRepair CanReload IsVictoryObjective CanLandCapitols 	CanBeRegular 	2	26		.ShipyardDry	15000	120	ss18	iconshipyd	Shipyard (Dry)	This upgrade toughens the Shipyard and gives teams more research options for capital ships, particularly the Cruiser-class ship.	0	4000080000000000000000000000000000040000000000000000008000010000000000000000000000000000000000000000	0010000000000000000000000000000000000000000000400000000010000000000000000000000000000000000000000000	0000000000000000000000001000000000000000000000000000000000008001000000000000000000000000000000000000
3	2.5	13333	6666	27	66	2400	0	540	74	7 (Heavy Base)	10 (Heavy Base Shields)	CanStartHere CanRestartHere CanBeCaptured CanLandHere CanRepair CanReload IsVictoryObjective CanLandCapitols 	CanBeRegular 	2	26		.Shipyard	15000	120	ss18	iconsy	Shipyard	Build to destroy your opponents' installations with anti-base missiles and capital-class ships such as Frigates and Destroyers.	0	4000080000000000000000000000000000000000000000000000008000010000000000000000000000000000000000000000	0010000000000000000000000000000000000000000000000000000010000000000000000000000000000000000000000000	0000000000000000000000001000000000000000000000000000000000008001000000000000000000000000000000000000
7	2.5	20000	10000	40	100	3000	0	302.5	-1	7 (Heavy Base)	10 (Heavy Base Shields)	CanStartHere CanRestartHere CanBeCaptured CanLandHere CanRepair CanReload IsVictoryObjective 	CanBeCarbon 	6	26		.SupremacyAdv	10000	120	ss93	dn_hssupadv	Supremacy (Adv)	This upgrade toughens the Supremacy Center and gives players more research options, especially for Fighter-class ships.	0	0800080000000000000000000000000000000000000010000000000000010000000000000000000000000000000000000000	000600000000000000000000000000000000000000030000000000C040000000000000000800000000000000000000000000	0000000000000000000000001000000000000000000000000000000000000001000000000000000000000000000000000000
11	2.5	13333	6666	27	66	2400	0	302.5	7	7 (Heavy Base)	10 (Heavy Base Shields)	CanStartHere CanRestartHere CanBeCaptured CanLandHere CanRepair CanReload IsVictoryObjective 	CanBeCarbon 	6	26		.Supremacy	10000	120	ss93	dn_hssup	Supremacy	Build to quickly seize sector control with the versatile Fighter-class ship and a large array of weaponry and offensive technologies.	0	0800080000000000000000000000000000000000000000000000000000010000000000000000000000000000000000000000	0004000000000000000000000000000000000000000100000000008040000000000000000000000000000000000000000000	0000000000000000000000001000000000000000000000000000000000000001000000000000000000000000000000000000
8	2.5	20000	10000	40	100	3000	0	302.5	-1	7 (Heavy Base)	10 (Heavy Base Shields)	CanStartHere CanRestartHere CanBeCaptured CanLandHere CanRepair CanReload IsVictoryObjective 	CanBeUranium 	5	26		.ExpansionAdv	10000	120	utl20	dn_hsexpadv	Expansion (Adv)	This upgrade toughens the Expansion Complex and provides more research technologies, especially for Interceptors and Troop Transports.	0	2000080000000000000000000000010000000000000000000000000000010000000000000000000000000000000000000000	008100000000000000000000000000000000000000030000000000C020000000000000002000000000000000000000000000	0000000000000000000000001000000000000000000000000000000000000001000000000000000000000000000000000000
12	2.5	13333	6666	27	66	2400	0	302.5	8	7 (Heavy Base)	10 (Heavy Base Shields)	CanStartHere CanRestartHere CanBeCaptured CanLandHere CanRepair CanReload IsVictoryObjective 	CanBeUranium 	5	26		.Expansion	10000	120	utl20	dn_hsexp	Expansion	Build to develop economic and defensive technologies such as better mining yield, Interceptors and Troop Transport craft.	0	2000080000000000000000000000000000000000000000000000000000010000000000000000000000000000000000000000	0080000000000000000000000000000000000000000100000000008020000000000000000000000000000000000000000000	0000000000000000000000001000000000000000000000000000000000000001000000000000000000000000000000000000
9	2.5	20000	10000	40	100	3000	0	302.5	-1	7 (Heavy Base)	10 (Heavy Base Shields)	CanStartHere CanRestartHere CanBeCaptured CanLandHere CanRepair CanReload IsVictoryObjective 	CanBeSilicon 	7	26		.TacticalAdv	10000	120	ss23	dn_hstacadv	Tactical (Adv)	This upgrade toughens the Tactical Laboratory and gives teams more research options, especially for Stealth Fighter craft.	0	1000080000000000000000000000000000000000000020000000000000010000000000000000000000000000000000000000	010000000000000000000000000000000000000000000000000000C080001000000000001000000000000000000000000000	0000000000000000000000001000000000000000000000000000000000000001000000000000000000000000000000000000
13	2.5	13333	6666	27	66	2400	0	302.5	9	7 (Heavy Base)	10 (Heavy Base Shields)	CanStartHere CanRestartHere CanBeCaptured CanLandHere CanRepair CanReload IsVictoryObjective 	CanBeSilicon 	7	26		.Tactical	10000	120	ss23	dn_hstac	Tactical	Build to ruin your enemies' infrastructure with technologies such as the Stealth Fighter, anti-utility cannons, and signature cloak.	0	1000080000000000000000000000000000000000000000000000000000010000000000000000000000000000000000000000	0000000000000000000000000000000000000000000000000000008080001000000000000000000000000000000000000000	0000000000000000000000001000000000000000000000000000000000000001000000000000000000000000000000000000
10	2.5	25000	15000	50	150	4500	0	423.5	-1	7 (Heavy Base)	10 (Heavy Base Shields)	CanOffloadMinerals CanStartHere CanRestartHere CanBeCaptured CanLandHere CanRepair CanReload IsVictoryObjective 	CanBeRegular 	0	26		.GarrisonStr	20000	120	ss24a	dn_hsgaradv	Garrison (Str)	This upgrade toughens the Garrison and makes available several key ship upgrades.	0	0000080000000000000000000000000000000000000001000000000000000001000000000000000000000000000000000000	0000600000000000000000000000000000000000000000000000000000000000000000000400000000000000000000000000	0000000000000000000000081000000000000000000000000000000000010001000000000000000000000000000000000000
15	2.5	20000	10000	40	100	3600	0	423.5	10	7 (Heavy Base)	10 (Heavy Base Shields)	CanOffloadMinerals CanStartHere CanRestartHere CanBeCaptured CanLandHere CanRepair CanReload IsVictoryObjective 	CanBeRegular 	0	26		.Garrison	20000	120	ss24a	dn_hsgar	Garrison	Build as a hub for all sector activity and to build all the other large buildings, the nexus of your team's operation.	0	0000080000000000000000000000000000000000000000000000000000000001000000000000000000000000000000000000	0000400000000000000000000000000000000000000000000000000000000000000000000000000000000000000000000000	0000000000000000000000001000000000000000000000000000000000014001000000000000000000000000000000000000
102	1	6666	6666	40	100	2400	0	302.5	-1	7 (Heavy Base)	10 (Heavy Base Shields)	CanOffloadMinerals CanStartHere CanRestartHere CanBeCaptured CanLandHere CanRepair CanReload 	CanBeRegular 	1	427		.OutpostHvy	5000	120	ss90	dn_hsout	Outpost (Hvy)	Build to move your launch point closer to the enemy and to establish territorial control. It provides no technology benefits but cannot be destroyed by small ship weapons.	0	0000040000000000000000000000000000000000000000000000000000000001000000000000000000000000000000000000	0008000000000000000000000000000000000000000000000000000000000000000000000000000000000000000000000000	0000000000000000000000001000000000000000000000000000000000000001000000000000000000000000000000000000
147	0.5	6666	3333	13	33	2400	0	60	-1	7 (Heavy Base)	10 (Heavy Base Shields)	CanRipHere CanRescuePods 	CanBeRegular 	3	427		.TeleportHvy	3000	120	utl07	ripstation	Teleport (Hvy)	Build to establish a rapid-response transportation system. Good in defense and offense.	0	0000040000000000000000000000000000000000000000000000000000000001000000000000000000000000000000000000	0000000000000000000000000000000000000000000000000000000000000000000000000000000000000000000000000000	0000000000000000000000000000000000000000000000000000000000000000000000000000000000000000000000000000
101	2.5	20000	10000	40	100	3000	0	540	-1	7 (Heavy Base)	10 (Heavy Base Shields)	CanOffloadMinerals CanStartHere CanRestartHere CanBeCaptured CanLandHere CanRepair CanReload IsVictoryObjective CanLandCapitols 	CanBeRegular 	2	426		.ShipyardDry	15000	120	acs05	iconshipyd	Shipyard (Dry)	This upgrade toughens the Shipyard and gives teams more research options for capital ships, particularly the Cruiser-class ship.	0	4000040000000000000000000000000000040000000000000000000000010000000000000000000000000000000000000000	0010000000000000000000000000000000000000000000400000000010000000000000000000000000000000000000000000	0000000000000000000000001000000000000000000000000000000000008001000000000000000000000000000000000000
103	2.5	13333	6666	27	66	2400	0	540	101	7 (Heavy Base)	10 (Heavy Base Shields)	CanOffloadMinerals CanStartHere CanRestartHere CanBeCaptured CanLandHere CanRepair CanReload IsVictoryObjective CanLandCapitols 	CanBeRegular 	2	426		.Shipyard	15000	120	acs05	iconsy	Shipyard	Build to destroy your opponents' installations with anti-base missiles and capital-class ships such as Frigates and Destroyers.	0	4000040000000000000000000000000000000000000000000000000000010000000000000000000000000000000000000000	0010000000000000000000000000000000000000000000000000000010000000000000000000000000000000000000000000	0000000000000000000000001000000000000000000000000000000000008001000000000000000000000000000000000000
107	2.5	20000	10000	40	100	3000	0	302.5	-1	7 (Heavy Base)	10 (Heavy Base Shields)	CanOffloadMinerals CanStartHere CanRestartHere CanBeCaptured CanLandHere CanRepair CanReload IsVictoryObjective 	CanBeCarbon 	6	426		.SupremacyAdv	10000	240	ss21a	dn_hssupadv	Supremacy (Adv)	This upgrade toughens the Supremacy Center and gives players more research options, especially for Fighter-class ships.	0	0800040000000000000000000000000000000000000010000000000000010000000000000000000000000000000000000000	000600000000000000000000000000000001000000030000000000C040000000000000000800000000000000000000000000	0000000000000000000000001000000000000000000000000000000000000001000000000000000000000000000000000000
111	2.5	13333	6666	27	66	2400	0	302.5	107	7 (Heavy Base)	10 (Heavy Base Shields)	CanOffloadMinerals CanStartHere CanRestartHere CanBeCaptured CanLandHere CanRepair CanReload IsVictoryObjective 	CanBeCarbon 	6	426		.Supremacy	10000	240	ss21a	dn_hssup	Supremacy	Build to quickly seize sector control with the versatile Fighter-class ship and a large array of weaponry and offensive technologies.	0	0800040000000000000000000000000000000000000000000000000000010000000000000000000000000000000000000000	0004000000000000000000000000000000010000000100000000008040000000000000000000000000000000000000000000	0000000000000000000000001000000000000000000000000000000000000001000000000000000000000000000000000000
108	2.5	20000	10000	40	100	3000	0	302.5	-1	7 (Heavy Base)	10 (Heavy Base Shields)	CanOffloadMinerals CanStartHere CanRestartHere CanBeCaptured CanLandHere CanRepair CanReload IsVictoryObjective 	CanBeUranium 	5	426		.ExpansionAdv	10000	240	ss28	dn_hsexpadv	Expansion (Adv)	This upgrade toughens the Expansion Complex and provides more research technologies, especially for Interceptors and Troop Transports.	0	2000040000000000000000000000010000000000000000000000000000010000000000000000000000000000000000000000	008100000000000000000000000000000001000000030000000000C020000000000000002000000000000000000000000000	0000000000000000000000001000000000000000000000000000000000000001000000000000000000000000000000000000
112	2.5	13333	6666	27	66	2400	0	302.5	108	7 (Heavy Base)	10 (Heavy Base Shields)	CanOffloadMinerals CanStartHere CanRestartHere CanBeCaptured CanLandHere CanRepair CanReload IsVictoryObjective 	CanBeUranium 	5	426		.Expansion	10000	240	ss28	dn_hsexp	Expansion	Build to develop economic and defensive technologies such as better mining yield, Interceptors and Troop Transport craft.	0	2000040000000000000000000000000000000000000000000000000000010000000000000000000000000000000000000000	0080000000000000000000000000000000010000000100000000008020000000000000000000000000000000000000000000	0000000000000000000000001000000000000000000000000000000000000001000000000000000000000000000000000000
109	2.5	20000	10000	40	100	3000	0	302.5	-1	7 (Heavy Base)	10 (Heavy Base Shields)	CanOffloadMinerals CanStartHere CanRestartHere CanBeCaptured CanLandHere CanRepair CanReload IsVictoryObjective 	CanBeSilicon 	7	426		.TacticalAdv	10000	240	acs08	dn_hstacadv	Tactical (Adv)	This upgrade toughens the Tactical Laboratory and gives teams more research options, especially for Stealth Fighter craft.	0	1000040000000000000000000000000000000000000020000000000000010000000000000000000000000000000000000000	010000000000000000000000000000000001000000000000000000C080001000000000001000000000000000000000000000	0000000000000000000000001000000000000000000000000000000000000001000000000000000000000000000000000000
113	2.5	13333	6666	27	66	2400	0	302.5	109	7 (Heavy Base)	10 (Heavy Base Shields)	CanOffloadMinerals CanStartHere CanRestartHere CanBeCaptured CanLandHere CanRepair CanReload IsVictoryObjective 	CanBeSilicon 	7	426		.Tactical	10000	240	acs08	dn_hstac	Tactical	Build to ruin your enemies' infrastructure with technologies such as the Stealth Fighter, anti-utility cannons, and signature cloak.	0	1000040000000000000000000000000000000000000000000000000000010000000000000000000000000000000000000000	0000000000000000000000000000000000010000000000000000008080001000000000000000000000000000000000000000	0000000000000000000000001000000000000000000000000000000000000001000000000000000000000000000000000000
110	2.5	25000	15000	50	150	4500	0	423.5	-1	7 (Heavy Base)	10 (Heavy Base Shields)	CanOffloadMinerals CanStartHere CanRestartHere CanBeCaptured CanLandHere CanRepair CanReload IsVictoryObjective 	CanBeRegular 	0	426		.GarrisonStr	20000	240	ss27	dn_hsgaradv	Garrison (Str)	This upgrade toughens the Garrison and makes available several key ship upgrades.	0	0000040000000000000000000000000000000000000001000000000000000001000000000000000000000000000000000000	0000600000000000000000000000000000000000000000000000000000000000000000000400000000000000000000000000	0000000000000000000000081000000000000000000000000000000000010001000000000000000000000000000000000000
115	2.5	20000	10000	40	100	3600	0	423.5	110	7 (Heavy Base)	10 (Heavy Base Shields)	CanOffloadMinerals CanStartHere CanRestartHere CanBeCaptured CanLandHere CanRepair CanReload IsVictoryObjective 	CanBeRegular 	0	426		.Garrison	20000	240	ss27	dn_hsgar	Garrison	Build as a hub for all sector activity and to build all the other large buildings, the nexus of your team's operation.	0	0000040000000000000000000000000000000000000000000000000000000001000000000000000000000000000000000000	0000400000000000000000000000000000000000000000000000000000000000000000000000000000000000000000000000	0000000000000000000000001000000000000000000000000000000000014001000000000000000000000000000000000000
202	1	6666	6666	13	66	2400	0	363	-1	6 (Light Base)	9 (Light Base Shields)	CanOffloadMinerals CanStartHere CanRestartHere CanBeCaptured CanLandHere CanRepair CanReload 	CanBeRegular 	1	327		.Outpost	5000	60	ss101	dn_hsout	Outpost	Build to move your launch point closer to the enemy and to establish territorial control. It provides no technology benefits.	0	0000000000000000000000000000000000000000000000080000000000000001000000000000000000000000000000000000	0008000000000000000000000000000000000000000000000000000000000000000000000000000000000000000000000000	0000000000000000000000001000000000000000000000000000000000000001000000000000000000000000000000000000
214	2.5	6666	3333	13	33	2400	0	145.2	-1	6 (Light Base)	9 (Light Base Shields)	CanOffloadMinerals CanTeleportOffloadMinerals 	CanBeRegular 	4	327		.Refinery	3000	60	ss107	refinery	Refinery	Build near He3 Asteroids to shorten round trip for Miners	0	0000000000000000000000000000000000000000000000080000000000000001000000000000000000000000000000000000	0000000000000000000000000000000000000000000000000000000000000000000000000000000000000000000000000000	0000000000000000000000000000000000000000000000000000000000000000000000000000000000000000000000000000
247	0.5	6666	3333	13	33	2400	0	60	-1	6 (Light Base)	9 (Light Base Shields)	CanRipHere 	CanBeRegular 	3	327		.Teleport	3000	60	ss106	ripstation	Teleport	Build to establish a rapid-response transportation system. Good in defense and offense.	0	0000000000000000000000000000000000000000000000080000000000000001000000000000000000000000000000000000	0000000000000000000000000000000000000000000000000000000000000000000000000000000000000000000000000000	0000000000000000000000000000000000000000000000000000000000000000000000000000000000000000000000000000
201	2.5	20000	10000	40	100	3000	0	540	-1	7 (Heavy Base)	10 (Heavy Base Shields)	CanStartHere CanRestartHere CanBeCaptured CanLandHere CanRepair CanReload IsVictoryObjective CanLandCapitols 	CanBeRegular 	2	326		.ShipyardDry	20000	60	ss102	iconshipyd	Shipyard (Dry)	This upgrade toughens the Shipyard and gives teams more research options for capital ships, particularly the Cruiser-class ship.	0	4000000000000000000000000000000000000000000000080000008000010000000000000000000000000000000000000000	0010000000000000000000000000000000000000000000400000000010000000000000000000000000000000000000000000	0000000000000000000000001000000000000000000000000000000000008001000000000000000000000000000000000000
207	2.5	20000	10000	40	100	3000	0	363	-1	7 (Heavy Base)	10 (Heavy Base Shields)	CanStartHere CanRestartHere CanBeCaptured CanLandHere CanRepair CanReload IsVictoryObjective 	CanBeCarbon 	6	326		.SupremacyAdv	15000	60	ss103	dn_hssupadv	Supremacy (Adv)	This upgrade toughens the Supremacy Center and gives players more research options, especially for Fighter-class ships.	0	0800000000000000000000000000000000000000000000080000000000010000000000000000000000000000000000000000	000600000000000000000000000000000000000000030000000000C040000000000000000000000000000000000000000000	0000000000000000000000001000000000000000000000000000000000000001000000000000000000000000000000000000
208	2.5	20000	10000	40	100	3000	0	363	-1	7 (Heavy Base)	10 (Heavy Base Shields)	CanStartHere CanRestartHere CanBeCaptured CanLandHere CanRepair CanReload IsVictoryObjective 	CanBeUranium 	5	326		.ExpansionAdv	15000	60	ss104	dn_hsexpadv	Expansion (Adv)	This upgrade toughens the Expansion Complex and provides more research technologies, especially for Interceptors and Troop Transports.	0	2000000000000000000000000000000000000000000000080000000000010000000000000000000000000000000000000000	008100000000000000000000000000000000000000030000000000C020000000000000000000000000000000000000000000	0000000000000000000000001000000000000000000000000000000000000001000000000000000000000000000000000000
209	2.5	20000	10000	40	100	3000	0	363	-1	7 (Heavy Base)	10 (Heavy Base Shields)	CanStartHere CanRestartHere CanBeCaptured CanLandHere CanRepair CanReload IsVictoryObjective 	CanBeSilicon 	7	326		.TacticalAdv	15000	60	ss105	dn_hstacadv	Tactical (Adv)	This upgrade toughens the Tactical Laboratory and gives teams more research options, especially for Stealth Fighter craft.	0	1000000000000000000000000000000000000000000000080000000000010000000000000000000000000000000000000000	010000000000000000000000000000000000000000000000000000C080001000000000000000000000000000000000000000	0000000000000000000000001000000000000000000000000000000000000001000000000000000000000000000000000000
210	2.5	25000	15000	50	150	4500	0	508.2	-1	7 (Heavy Base)	10 (Heavy Base Shields)	CanOffloadMinerals CanStartHere CanRestartHere CanBeCaptured CanLandHere CanRepair CanReload IsVictoryObjective 	CanBeRegular 	0	326		.GarrisonStr	20000	60	ss100	dn_hsgaradv	Garrison (Str)	This upgrade toughens the Garrison and makes available several key ship upgrades.	0	0000000000000000000000000000000000000000000000080000000000000001000000000000000000000000000000000000	0000600000000000000000000000000000000000000000000000000000000000000000000000000000000000000000000000	0000000000000000000000081000000000000000000000000000000000010001000000000000000000000000000000000000
302	1	6666	6666	13	66	2400	0	302.5	-1	6 (Light Base)	9 (Light Base Shields)	CanOffloadMinerals CanStartHere CanRestartHere CanBeCaptured CanLandHere CanRepair CanReload 	CanBeRegular 	1	527		.Outpost	4000	90	ss301	dn_hsout	Outpost	Build to move your launch point closer to the enemy and to establish territorial control. It provides no technology benefits.	0	0000000000000000000000004000000000000000000000000000000000000001000000000000000000000000000000000000	0008000000000000000000000000000000000000000000000000000000000000000000000000000000000000000000000000	0000000000000000000000001000000000000000000000000000000000000001000000000000000000000000000000000000
314	2.5	6666	3333	13	33	2400	0	121	-1	6 (Light Base)	9 (Light Base Shields)	CanOffloadMinerals CanTeleportOffloadMinerals 	CanBeRegular 	4	527		.Refinery	2400	90	ss307	refinery	Refinery	Build near He3 Asteroids to shorten round trip for Miners	0	0000000000000000000000004000000000000000000000000000000000000001000000000000000000000000000000000000	0000000000000000000000000000000000000000000000000000000000000000000000000000000000000000000000000000	0000000000000000000000000000000000000000000000000000000000000000000000000000000000000000000000000000
347	0.5	6666	3333	13	33	2400	0	60	-1	6 (Light Base)	9 (Light Base Shields)	CanRipHere 	CanBeRegular 	3	527		.Teleport	2400	90	ss306	ripstation	Teleport	Build to establish a rapid-response transportation system. Good in defense and offense.	0	0000000000000000000000004000000000000000000000000000000000000001000000000000000000000000000000000000	0000000000000000000000000000000000000000000000000000000000000000000000000000000000000000000000000000	0000000000000000000000000000000000000000000000000000000000000000000000000000000000000000000000000000
301	2.5	20000	10000	40	100	3000	0	540	-1	7 (Heavy Base)	10 (Heavy Base Shields)	CanStartHere CanRestartHere CanBeCaptured CanLandHere CanRepair CanReload IsVictoryObjective CanLandCapitols 	CanBeRegular 	2	526		.ShipyardDry	12000	120	ss302	iconshipyd	Shipyard (Dry)	This upgrade toughens the Shipyard and gives teams more research options for capital ships, particularly the Cruiser-class ship.	0	4000000000000000000000004000000000040000000000000000008000010000000000000000000000000000000000000000	0010000000000000000000000000000000000000000000400000000010000000000000000000000000000000000000000000	0000000000000000000000001000000000000000000000000000000000008001000000000000000000000000000000000000
303	2.5	13333	6666	27	66	2400	0	540	301	7 (Heavy Base)	10 (Heavy Base Shields)	CanStartHere CanRestartHere CanBeCaptured CanLandHere CanRepair CanReload IsVictoryObjective CanLandCapitols 	CanBeRegular 	2	526		.Shipyard	12000	120	ss302	iconsy	Shipyard	Build to destroy your opponents' installations with anti-base missiles and capital-class ships such as Frigates and Destroyers.	0	4000000000000000000000004000000000000000000000000000008000010000000000000000000000000000000000000000	0010000000000000000000000000000000000000000000000000000010000000000000000000000000000000000000000000	0000000000000000000000001000000000000000000000000000000000008001000000000000000000000000000000000000
307	2.5	20000	10000	40	100	3000	0	302.5	-1	7 (Heavy Base)	10 (Heavy Base Shields)	CanStartHere CanRestartHere CanBeCaptured CanLandHere CanRepair CanReload IsVictoryObjective 	CanBeCarbon 	6	526		.SupremacyAdv	8000	120	ss303	dn_hssupadv	Supremacy (Adv)	This upgrade toughens the Supremacy Center and gives players more research options, especially for Fighter-class ships.	0	0800000000000000000000004000000000000000000010000000000000010000000000000000000000000000000000000000	000600000000000000000000000000000000000000030000000000C040000000000000000800000000000000000000000000	0000000000000000000000001000000000000000000000000000000000000001000000000000000000000000000000000000
311	2.5	13333	6666	27	66	2400	0	302.5	307	7 (Heavy Base)	10 (Heavy Base Shields)	CanStartHere CanRestartHere CanBeCaptured CanLandHere CanRepair CanReload IsVictoryObjective 	CanBeCarbon 	6	526		.Supremacy	8000	120	ss303	dn_hssup	Supremacy	Build to quickly seize sector control with the versatile Fighter-class ship and a large array of weaponry and offensive technologies.	0	0800000000000000000000004000000000000000000000000000000000010000000000000000000000000000000000000000	0004000000000000000000000000000000000000000100000000008040000000000000000000000000000000000000000000	0000000000000000000000001000000000000000000000000000000000000001000000000000000000000000000000000000
308	2.5	20000	10000	40	100	3000	0	302.5	-1	7 (Heavy Base)	10 (Heavy Base Shields)	CanStartHere CanRestartHere CanBeCaptured CanLandHere CanRepair CanReload IsVictoryObjective 	CanBeUranium 	5	526		.ExpansionAdv	8000	120	ss304	dn_hsexpadv	Expansion (Adv)	This upgrade toughens the Expansion Complex and provides more research technologies, especially for Interceptors and Troop Transports.	0	2000000000000000000000004000010000000000000000000000000000010000000000000000000000000000000000000000	008100000000000000000000000000000000000000030000000000C020000000000000002000000000000000000000000000	0000000000000000000000001000000000000000000000000000000000000001000000000000000000000000000000000000
312	2.5	13333	6666	27	66	2400	0	302.5	308	7 (Heavy Base)	10 (Heavy Base Shields)	CanStartHere CanRestartHere CanBeCaptured CanLandHere CanRepair CanReload IsVictoryObjective 	CanBeUranium 	5	526		.Expansion	8000	120	ss304	dn_hsexp	Expansion	Build to develop economic and defensive technologies such as better mining yield, Interceptors and Troop Transport craft.	0	2000000000000000000000004000000000000000000000000000000000010000000000000000000000000000000000000000	0080000000000000000000000000000000000000000100000000008020000000000000000000000000000000000000000000	0000000000000000000000001000000000000000000000000000000000000001000000000000000000000000000000000000
309	2.5	20000	10000	40	100	3000	0	302.5	-1	7 (Heavy Base)	10 (Heavy Base Shields)	CanStartHere CanRestartHere CanBeCaptured CanLandHere CanRepair CanReload IsVictoryObjective 	CanBeSilicon 	7	526		.TacticalAdv	8000	120	ss305	dn_hstacadv	Tactical (Adv)	This upgrade toughens the Tactical Laboratory and gives teams more research options, especially for Stealth Fighter craft.	0	1000000000000000000000004000000000000000000020000000000000010000000000000000000000000000000000000000	010000000000000000000000000000000000000000000000000000C080001000000000001000000000000000000000000000	0000000000000000000000001000000000000000000000000000000000000001000000000000000000000000000000000000
313	2.5	13333	6666	27	66	2400	0	302.5	309	7 (Heavy Base)	10 (Heavy Base Shields)	CanStartHere CanRestartHere CanBeCaptured CanLandHere CanRepair CanReload IsVictoryObjective 	CanBeSilicon 	7	526		.Tactical	8000	120	ss305	dn_hstac	Tactical	Build to ruin your enemies' infrastructure with technologies such as the Stealth Fighter, anti-utility cannons, and signature cloak.	0	1000000000000000000000004000000000000000000000000000000000010000000000000000000000000000000000000000	0000000000000000000000000000000000000000000000000000008080001000000000000000000000000000000000000000	0000000000000000000000001000000000000000000000000000000000000001000000000000000000000000000000000000
310	2.5	25000	15000	50	150	4500	0	423.5	-1	7 (Heavy Base)	10 (Heavy Base Shields)	CanOffloadMinerals CanStartHere CanRestartHere CanBeCaptured CanLandHere CanRepair CanReload IsVictoryObjective 	CanBeRegular 	0	526		.GarrisonStr	16000	120	ss300	dn_hsgaradv	Garrison (Str)	This upgrade toughens the Garrison and makes available several key ship upgrades.	0	0000000000000000000000004000000000000000000001000000000000000001000000000000000000000000000000000000	0000600000000000000000000000000000000000000000000000000000000000000000000400000000000000000000000000	0000000000000000000000081000000000000000000000000000000000010001000000000000000000000000000000000000
315	2.5	20000	10000	40	100	3600	0	423.5	310	7 (Heavy Base)	10 (Heavy Base Shields)	CanOffloadMinerals CanStartHere CanRestartHere CanBeCaptured CanLandHere CanRepair CanReload IsVictoryObjective 	CanBeRegular 	0	526		.Garrison	16000	120	ss300	dn_hsgar	Garrison	Build as a hub for all sector activity and to build all the other large buildings, the nexus of your team's operation.	0	0000000000000000000000004000000000000000000000000000000000000001000000000000000000000000000000000000	0000400000000000000000000000000000000000000000000000000000000000000000000000000000000000000000000000	0000000000000000000000001000000000000000000000000000000000014001000000000000000000000000000000000000
402	1	6666	6666	13	66	2400	0	302.5	-1	6 (Light Base)	9 (Light Base Shields)	CanOffloadMinerals CanStartHere CanRestartHere CanBeCaptured CanLandHere CanRepair CanReload 	CanBeRegular 	1	627		.Outpost	5000	90	ss98	dn_hsout	Outpost	Build to move your launch point closer to the enemy and to establish territorial control. It provides no technology benefits.	0	0000020000000000000000000000000000000000000000000000000000000001000000000000000000000000000000000000	0008000000000000000000000000000000000000000000000000000000000000000000000000000000000000000000000000	0000000000000000000000001000000000000000000000000000000000000001000000000000000000000000000000000000
414	2.5	6666	3333	13	33	2400	0	121	-1	6 (Light Base)	9 (Light Base Shields)	CanOffloadMinerals CanTeleportOffloadMinerals 	CanBeRegular 	4	627		.Refinery	3000	90	ss94	refinery	Refinery	Build near He3 Asteroids to shorten round trip for Miners	0	0000020000000000000000000000000000000000000000000000000000000001000000000000000000000000000000000000	0000000000000000000000000000000000000000000000000000000000000000000000000000000000000000000000000000	0000000000000000000000000000000000000000000000000000000000000000000000000000000000000000000000000000
447	0.5	6666	3333	13	33	2400	0	60	-1	6 (Light Base)	9 (Light Base Shields)	CanRipHere 	CanBeRegular 	3	627		.Teleport	3000	90	ss95	ripstation	Teleport	Build to establish a rapid-response transportation system. Good in defense and offense.	0	0000020000000000000000000000000000000000000000000000000000000001000000000000000000000000000000000000	0000000000000000000000000000000000000000000000000000000000000000000000000000000000000000000000000000	0000000000000000000000000000000000000000000000000000000000000000000000000000000000000000000000000000
401	2.5	20000	10000	40	100	3000	0	540	-1	7 (Heavy Base)	10 (Heavy Base Shields)	CanStartHere CanRestartHere CanBeCaptured CanLandHere CanRepair CanReload IsVictoryObjective CanLandCapitols 	CanBeRegular 	2	626		.ShipyardDry	15000	120	ss96	iconshipyd	Shipyard (Dry)	This upgrade toughens the Shipyard and gives teams more research options for capital ships, particularly the Cruiser-class ship.	0	4000020000000000000000000000000000040000000000000000008000010000000000000000000000000000000000000000	0010000000000000000000000000000000000000000000400000000010000000000000000000000000000000000000000000	0000000000000000000000001000000000000000000000000000000000008001000000000000000000000000000000000000
403	2.5	13333	6666	27	66	2400	0	540	401	7 (Heavy Base)	10 (Heavy Base Shields)	CanStartHere CanRestartHere CanBeCaptured CanLandHere CanRepair CanReload IsVictoryObjective CanLandCapitols 	CanBeRegular 	2	626		.Shipyard	15000	120	ss96	iconsy	Shipyard	Build to destroy your opponents' installations with anti-base missiles and capital-class ships such as Frigates and Destroyers.	0	4000020000000000000000000000000000000000000000000000008000010000000000000000000000000000000000000000	0010000000000000000000000000000000000000000000000000000010000000000000000000000000000000000000000000	0000000000000000000000001000000000000000000000000000000000008001000000000000000000000000000000000000
407	2.5	20000	10000	40	100	3000	0	302.5	-1	7 (Heavy Base)	10 (Heavy Base Shields)	CanStartHere CanRestartHere CanBeCaptured CanLandHere CanRepair CanReload IsVictoryObjective 	CanBeCarbon 	6	626		.SupremacyAdv	10000	120	cap05	dn_hssupadv	Supremacy (Adv)	This upgrade toughens the Supremacy Center and gives players more research options, especially for Fighter-class ships.	0	0800020000000000000000000000000000000000000010000000000000010000000000000000000000000000000000000000	000600000000000000000000000000000000000000030000000000C040000000000000000800000000000000000000000000	0000000000000000000000001000000000000000000000000000000000000001000000000000000000000000000000000000
411	2.5	13333	6666	27	66	2400	0	302.5	407	7 (Heavy Base)	10 (Heavy Base Shields)	CanStartHere CanRestartHere CanBeCaptured CanLandHere CanRepair CanReload IsVictoryObjective 	CanBeCarbon 	6	626		.Supremacy	10000	120	cap05	dn_hssup	Supremacy	Build to quickly seize sector control with the versatile Fighter-class ship and a large array of weaponry and offensive technologies.	0	0800020000000000000000000000000000000000000000000000000000010000000000000000000000000000000000000000	0004000000000000000000000000000000000000000100000000008040000000000000000000000000000000000000000000	0000000000000000000000001000000000000000000000000000000000000001000000000000000000000000000000000000
408	2.5	20000	10000	40	100	3000	0	332.75	-1	7 (Heavy Base)	10 (Heavy Base Shields)	CanStartHere CanRestartHere CanBeCaptured CanLandHere CanRepair CanReload IsVictoryObjective 	CanBeUranium 	5	626		.ExpansionAdv	10000	120	cc_faristexp	dn_hsexpadv	Expansion (Adv)	This upgrade toughens the Expansion Complex and provides more research technologies, especially for Interceptors and Troop Transports.	0	2000020000000000000000000000010000000000000000000000000000010000000000000000000000000000000000000000	008100000000000000000000000000000000000000030000000000C020000000000000002000000000000000000000000000	0000000000000000000000001000000000000000000000000000000000000001000000000000000000000000000000000000
412	2.5	13333	6666	27	66	2400	0	332.75	408	7 (Heavy Base)	10 (Heavy Base Shields)	CanStartHere CanRestartHere CanBeCaptured CanLandHere CanRepair CanReload IsVictoryObjective 	CanBeUranium 	5	626		.Expansion	10000	120	cc_faristexp	dn_hsexp	Expansion	Build to develop economic and defensive technologies such as better mining yield, Interceptors and Troop Transport craft.	0	2000020000000000000000000000000000000000000000000000000000010000000000000000000000000000000000000000	0080000000000000000000000000000000000000000100000000008020000000000000000000000000000000000000000000	0000000000000000000000001000000000000000000000000000000000000001000000000000000000000000000000000000
409	2.5	20000	10000	40	100	3000	0	302.5	-1	7 (Heavy Base)	10 (Heavy Base Shields)	CanStartHere CanRestartHere CanBeCaptured CanLandHere CanRepair CanReload IsVictoryObjective 	CanBeSilicon 	7	626		.TacticalAdv	10000	120	ss99	dn_hstacadv	Tactical (Adv)	This upgrade toughens the Tactical Laboratory and gives teams more research options, especially for Stealth Fighter craft.	0	1000020000000000000000000000000000000000000020000000000000010000000000000000000000000000000000000000	010000000000000000000000000000000000000000000000000000C080001000000000001000000000000000000000000000	0000000000000000000000001000000000000000000000000000000000000001000000000000000000000000000000000000
413	2.5	13333	6666	27	66	2400	0	302.5	409	7 (Heavy Base)	10 (Heavy Base Shields)	CanStartHere CanRestartHere CanBeCaptured CanLandHere CanRepair CanReload IsVictoryObjective 	CanBeSilicon 	7	626		.Tactical	10000	120	ss99	dn_hstac	Tactical	Build to ruin your enemies' infrastructure with technologies such as the Stealth Fighter, anti-utility cannons, and signature cloak.	0	1000020000000000000000000000000000000000000000000000000000010000000000000000000000000000000000000000	0000000000000000000000000000000000000000000000000000008080001000000000000000000000000000000000000000	0000000000000000000000001000000000000000000000000000000000000001000000000000000000000000000000000000
410	2.5	25000	15000	50	150	4500	0	423.5	-1	7 (Heavy Base)	10 (Heavy Base Shields)	CanOffloadMinerals CanStartHere CanRestartHere CanBeCaptured CanLandHere CanRepair CanReload IsVictoryObjective 	CanBeRegular 	0	626		.GarrisonStr	20000	120	ss01	dn_hsgaradv	Garrison (Str)	This upgrade toughens the Garrison and makes available several key ship upgrades.	0	0000020000000000000000000000000000000000000001000000000000000001000000000000000000000000000000000000	0000600000000000000000000000000000000000000000000000000000000000000000000400000000000000000000000000	0000000000000000000000081000000000000000000000000000000000010001000000000000000000000000000000000000
415	2.5	20000	10000	40	100	3600	0	423.5	410	7 (Heavy Base)	10 (Heavy Base Shields)	CanOffloadMinerals CanStartHere CanRestartHere CanBeCaptured CanLandHere CanRepair CanReload IsVictoryObjective 	CanBeRegular 	0	626		.Garrison	20000	120	ss01	dn_hsgar	Garrison	Build as a hub for all sector activity and to build all the other large buildings, the nexus of your team's operation.	0	0000020000000000000000000000000000000000000000000000000000000001000000000000000000000000000000000000	0000400000000000000000000000000000000000000000000000000000000000000000000000000000000000000000000000	0000000000000000000000001000000000000000000000000000000000014001000000000000000000000000000000000000
4	1	6666	6666	13	66	2666	0	363	-1	6 (Light Base)	9 (Light Base Shields)	CanOffloadMinerals CanStartHere CanRestartHere CanBeCaptured CanLandHere CanRepair CanReload 	CanBeRegular 	1	6		.Outpost	6250	90	dgsup	dn_hsout	Outpost	Build to move your launch point closer to the enemy and to establish territorial control. It provides no technology benefits.	0	0000010000000000000000000000000000000000000000000000000000000001000000000000000000000000000000000000	0008000000000000000000000000000000000000000000000000000000000000000000000000000000000000000000000000	0000000000000000000000001000000000000000000000000000000000000001000000000000000000000000000000000000
25	2.5	6666	3333	13	33	2666	0	50	-1	6 (Light Base)	9 (Light Base Shields)	CanOffloadMinerals CanTeleportOffloadMinerals 	CanBeRegular 	4	6		.Refinery	3750	90	dbase	refinery	Refinery	Build near He3 Asteroids to shorten round trip for Miners	0	0000010000000000000000000000000000000000000000000000000000000001000000000000000000000000000000000000	0000000000000000000000000000000000000000000000000000000000000000000000000000000000000000000000000000	0000000000000000000000000000000000000000000000000000000000000000000000000000000000000000000000000000
28	0.5	6666	3333	13	33	2666	0	60	-1	6 (Light Base)	9 (Light Base Shields)	CanRipHere 	CanBeRegular 	3	6		.Teleport	3750	90	tectp	ripstation	Teleport	Build to establish a rapid-response transportation system. Good in defense and offense.	0	0000010000000000000000000000000000000000000000000000000000000001000000000000000000000000000000000000	0000000000000000000000000000000000000000000000000000000000000000000000000000000000000000000000000000	0000000000000000000000000000000000000000000000000000000000000000000000000000000000000000000000000000
27	1.25	6000	6000	20	40	2400	750	121	-1	6 (Light Base)	9 (Light Base Shields)	CanRescuePods 	CanBeHelium 	9	6		.SpecMineHe	7000	90	helm	iconspref	SpecMine (He)	Build on Helium asteroids to generate additional income ($750/min). DOES NOT act as a Teleport Receiver, but does rescues pods.	0	0000010000000000000000000000000000000000000000000000000000010000000000000000000000000000004000000000	0000000000000000000000000000000000000000000000000000000000000000000000000000000000000000000000000000	0000000000000000000000000000000000000000000000000000000000000000000000000000000000000000000000000000
1	2.5	20000	10000	40	100	3333	0	540	-1	7 (Heavy Base)	10 (Heavy Base Shields)	CanStartHere CanRestartHere CanBeCaptured CanLandHere CanRepair CanReload IsVictoryObjective CanLandCapitols 	CanBeRegular 	2	5		.ShipyardDry	18750	120	drgsy	iconshipyd	Shipyard (Dry)	This upgrade toughens the Shipyard and gives teams more research options for capital ships, particularly the Cruiser-class ship.	0	4000010000000000000000000000000000040000000000000000008000010000000000000000000000000000000000000000	0010000000000000000000000000000000000000000000400000000010000000000000000000000000000000000000000000	0000000000000000000000001000000000000000000000000000000000008001000000000000000000000000000000000000
5	2.5	13333	6666	27	66	2666	0	540	1	7 (Heavy Base)	10 (Heavy Base Shields)	CanStartHere CanRestartHere CanBeCaptured CanLandHere CanRepair CanReload IsVictoryObjective CanLandCapitols 	CanBeRegular 	2	5		.Shipyard	18750	120	drgsy	iconsy	Shipyard	Build to destroy your opponents' installations with anti-base missiles and capital-class ships such as Frigates and Destroyers.	0	4000010000000000000000000000000000000000000000000000008000010000000000000000000000000000000000000000	0010000000000000000000000000000000000000000000000000000010000000000000000000000000000000000000000000	0000000000000000000000001000000000000000000000000000000000008001000000000000000000000000000000000000
6	2.5	20000	10000	40	100	3333	0	302.5	-1	7 (Heavy Base)	10 (Heavy Base Shields)	CanStartHere CanRestartHere CanBeCaptured CanLandHere CanRepair CanReload IsVictoryObjective 	CanBeCarbon 	6	5		.SupremacyAdv	12500	120	drgop	dn_hssupadv	Supremacy (Adv)	This upgrade toughens the Supremacy Center and gives players more research options, especially for Fighter-class ships.	0	0800010000000000000000000000000000000000000010000000000000010000000000000000000000000000000000000000	000600000000000000000000000000000000000000030000000000C040000000000000000800000000000000000000000000	0000000000000000000000001000000000000000000000000000000000000001000000000000000000000000000000000000
19	2.5	13333	6666	27	66	2666	0	302.5	6	7 (Heavy Base)	10 (Heavy Base Shields)	CanStartHere CanRestartHere CanBeCaptured CanLandHere CanRepair CanReload IsVictoryObjective 	CanBeCarbon 	6	5		.Supremacy	12500	120	drgop	dn_hssup	Supremacy	Build to quickly seize sector control with the versatile Fighter-class ship and a large array of weaponry and offensive technologies.	0	0800010000000000000000000000000000000000000000000000000000010000000000000000000000000000000000000000	0004000000000000000000000000000000000000000100000000008040000000000000000000000000000000000000000000	0000000000000000000000001000000000000000000000000000000000000001000000000000000000000000000000000000
16	2.5	20000	10000	40	100	3333	0	302.5	-1	7 (Heavy Base)	10 (Heavy Base Shields)	CanStartHere CanRestartHere CanBeCaptured CanLandHere CanRepair CanReload IsVictoryObjective 	CanBeUranium 	5	5		.ExpansionAdv	12500	120	dgexp	dn_hsexpadv	Expansion (Adv)	This upgrade toughens the Expansion Complex and provides more research technologies, especially for Interceptors and Troop Transports.	0	2000010000000000000000000000010000000000000000000000000000010000000000000000000000000000000000000000	008100000000000000000000000000000000000000030000000000C020000000000000002000000000000000000000000000	0000000000000000000000001000000000000000000000000000000000000001000000000000000000000000000000000000
20	2.5	13333	6666	27	66	2666	0	302.5	16	7 (Heavy Base)	10 (Heavy Base Shields)	CanStartHere CanRestartHere CanBeCaptured CanLandHere CanRepair CanReload IsVictoryObjective 	CanBeUranium 	5	5		.Expansion	12500	120	dgexp	dn_hsexp	Expansion	Build to develop economic and defensive technologies such as better mining yield, Interceptors and Troop Transport craft.	0	2000010000000000000000000000000000000000000000000000000000010000000000000000000000000000000000000000	0080000000000000000000000000000000000000000100000000008020000000000000000000000000000000000000000000	0000000000000000000000001000000000000000000000000000000000000001000000000000000000000000000000000000
17	2.5	20000	10000	40	100	3333	0	332.75	-1	7 (Heavy Base)	10 (Heavy Base Shields)	CanStartHere CanRestartHere CanBeCaptured CanLandHere CanRepair CanReload IsVictoryObjective 	CanBeSilicon 	7	5		.TacticalAdv	12500	120	dtac	dn_hstacadv	Tactical (Adv)	This upgrade toughens the Tactical Laboratory and gives teams more research options, especially for Stealth Fighter craft.	0	1000010000000000000000000000000000000000000020000000000000010000000000000000000000000000000000000000	010000000000000000000000000000000000000000000000000000C080001000000000001000000000000000000000000000	0000000000000000000000001000000000000000000000000000000000000001000000000000000000000000000000000000
24	2.5	13333	6666	27	66	2666	0	332.75	17	7 (Heavy Base)	10 (Heavy Base Shields)	CanStartHere CanRestartHere CanBeCaptured CanLandHere CanRepair CanReload IsVictoryObjective 	CanBeSilicon 	7	5		.Tactical	12500	120	dtac	dn_hstac	Tactical	Build to ruin your enemies' infrastructure with technologies such as the Stealth Fighter, anti-utility cannons, and signature cloak.	0	1000010000000000000000000000000000000000000000000000000000010000000000000000000000000000000000000000	0000000000000000000000000000000000000000000000000000008080001000000000000000000000000000000000000000	0000000000000000000000001000000000000000000000000000000000000001000000000000000000000000000000000000
18	2.5	25000	15000	50	150	5000	0	450	-1	7 (Heavy Base)	10 (Heavy Base Shields)	CanOffloadMinerals CanStartHere CanRestartHere CanBeCaptured CanLandHere CanRepair CanReload IsVictoryObjective 	CanBeRegular 	0	5		.GarrisonStr	25000	120	dgarr	dn_hsgaradv	Garrison (Str)	This upgrade toughens the Garrison and makes available several key ship upgrades.	0	0000010000000000000000000000000000000000000001000000000000000001000000000000000000000000000000000000	0000600000000000000000000000000000000000000000000000000000000000000000000400000000000000000000000000	0000000000000000000000081000000000000000000000000000000000010001000000000000000000000000000000000000
26	2.5	20000	10000	40	100	4000	0	450	18	7 (Heavy Base)	10 (Heavy Base Shields)	CanOffloadMinerals CanStartHere CanRestartHere CanBeCaptured CanLandHere CanRepair CanReload IsVictoryObjective 	CanBeRegular 	0	5		.Garrison	25000	120	dgarr	dn_hsgar	Garrison	Build as a hub for all sector activity and to build all the other large buildings, the nexus of your team's operation.	0	0000010000000000000000000000000000000000000000000000000000000001000000000000000000000000000000000000	0000400000000000000000000000000000000000000000000000000000000000000000000000000000000000000000000000	0000000000000000000000001000000000000000000000000000000000014001000000000000000000000000000000000000
30	1	6666	6666	13	66	2400	0	120	-1	6 (Light Base)	9 (Light Base Shields)	CanOffloadMinerals CanStartHere CanRestartHere CanBeCaptured CanLandHere CanRepair CanReload 	CanBeRegular 	1	11		.Outpost	5000	90	rainop	dn_hsout	Outpost	Build to move your launch point closer to the enemy and to establish territorial control. It provides no technology benefits.	0	0000100000000000000000000000000000000000000000000000000000000001000000000000000000000000000000000000	0008000000000000000000000000000000000000000000000000000000000000000000000000000000000000000000000000	0000000000000000000000001000000000000000000000000000000000000001000000000000000000000000000000000000
39	2.5	6666	3333	13	33	2400	0	100	-1	6 (Light Base)	9 (Light Base Shields)	CanOffloadMinerals CanTeleportOffloadMinerals CanRescuePods 	CanBeRegular 	4	11		.Refinery	3000	90	tfref	refinery	Refinery	Build near He3 Asteroids to shorten round trip for Miners	0	0000100000000000000000000000000000000000000000000000000000000001000000000000000000000000000000000000	0000000000000000000000000000000000000000000000000000000000000000000000000000000000000000000000000000	0000000000000000000000000000000000000000000000000000000000000000000000000000000000000000000000000000
41	0.5	6666	3333	13	33	2400	0	60	-1	6 (Light Base)	9 (Light Base Shields)	CanRipHere CanRescuePods 	CanBeRegular 	3	11		.Teleport	3000	90	tftel	ripstation	Teleport	Build to establish a rapid-response transportation system. Good in defense and offense.	0	0000100000000000000000000000000000000000000000000000000000000001000000000000000000000000000000000000	0000000000000000000000000000000000000000000000000000000000000000000000000000000000000000000000000000	0000000000000000000000000000000000000000000000000000000000000000000000000000000000000000000000000000
29	2.5	20000	10000	40	100	3000	0	540	-1	7 (Heavy Base)	10 (Heavy Base Shields)	CanStartHere CanRestartHere CanBeCaptured CanLandHere CanRepair CanReload IsVictoryObjective CanLandCapitols 	CanBeRegular 	2	10		.ShipyardDry	15000	120	tecsy	iconshipyd	Shipyard (Dry)	This upgrade toughens the Shipyard and gives teams more research options for capital ships, particularly the Cruiser-class ship.	0	4000100000000000000000000000000000020000000000000000008000010000000000000000000000000000000000000000	0010000000000000000000000000000000000000000000400000000010000000000000000000000000000000000000000000	0000000000000000000000001000000000000000000000000000000000008001000000000000000000000000000000000000
31	2.5	13333	6666	27	66	2400	0	540	29	7 (Heavy Base)	10 (Heavy Base Shields)	CanStartHere CanRestartHere CanBeCaptured CanLandHere CanRepair CanReload IsVictoryObjective CanLandCapitols 	CanBeRegular 	2	10		.Shipyard	15000	120	tecsy	iconsy	Shipyard	Build to destroy your opponents' installations with anti-base weapons and capital-class ships such as Frigates and Destroyers.	0	4000100000000000000000000000000000000000000000000000008000010000000000000000000000000000000000000000	0010000000000000000000000000000000000000000000000000000010000000000000000000000000000000000000000000	0000000000000000000000001000000000000000000000000000000000008001000000000000000000000000000000000000
32	2.5	20000	10000	40	100	3000	0	302.5	-1	7 (Heavy Base)	10 (Heavy Base Shields)	CanStartHere CanRestartHere CanBeCaptured CanLandHere CanRepair CanReload IsVictoryObjective 	CanBeCarbon 	6	10		.SupremacyAdv	10000	120	tfsup	dn_hssupadv	Supremacy (Adv)	This upgrade toughens the Supremacy Center and gives players more research options, especially for Fighter-class ships.	0	0800100000000000000000000000000000000000000010000000000000010000000000000000000000000000000000000000	000600000000000000000000000000000000000000030000000000C040000000000000000800000000000000000000000000	0000000000000000000000001000000000000000000000000000000000000001000000000000000000000000000000000000
36	2.5	13333	6666	27	66	2400	0	302.5	32	7 (Heavy Base)	10 (Heavy Base Shields)	CanStartHere CanRestartHere CanBeCaptured CanLandHere CanRepair CanReload IsVictoryObjective 	CanBeCarbon 	6	10		.Supremacy	10000	120	tfsup	dn_hssup	Supremacy	Build to quickly seize sector control with the versatile Fighter-class ship and a large array of weaponry and offensive technologies.	0	0800100000000000000000000000000000000000000000000000000000010000000000000000000000000000000000000000	0004000000000000000000000000000000000000000100000000008040000000000000000000000000000000000000000000	0000000000000000000000001000000000000000000000000000000000000001000000000000000000000000000000000000
33	2.5	20000	10000	40	100	3000	0	400	-1	7 (Heavy Base)	10 (Heavy Base Shields)	CanStartHere CanRestartHere CanBeCaptured CanLandHere CanRepair CanReload IsVictoryObjective 	CanBeUranium 	5	10		.ExpansionAdv	10000	120	tfexp	dn_hsexpadv	Expansion (Adv)	This upgrade toughens the Expansion Complex and provides more research technologies, especially for Interceptors and Troop Transports.	0	2000100000000000000000000000010000000000000000000000000000010000000000000000000000000000000000000000	008100000000000000000000000000000000000000030000000000C020000000000000002000000000000000000000000000	0000000000000000000000001000000000000000000000000000000000000001000000000000000000000000000000000000
37	2.5	13333	6666	27	66	2400	0	400	33	7 (Heavy Base)	10 (Heavy Base Shields)	CanStartHere CanRestartHere CanBeCaptured CanLandHere CanRepair CanReload IsVictoryObjective 	CanBeUranium 	5	10		.Expansion	10000	120	tfexp	dn_hsexp	Expansion	Build to develop economic and defensive technologies such as better mining yield, Interceptors and Troop Transport craft.	0	2000100000000000000000000000000000000000000000000000000000010000000000000000000000000000000000000000	0080000000000000000000000000000000000000000100000000008020000000000000000000000000000000000000000000	0000000000000000000000001000000000000000000000000000000000000001000000000000000000000000000000000000
34	2.5	20000	10000	40	100	3000	0	400	-1	7 (Heavy Base)	10 (Heavy Base Shields)	CanStartHere CanRestartHere CanBeCaptured CanLandHere CanRepair CanReload IsVictoryObjective 	CanBeSilicon 	7	10		.TacticalAdv	10000	120	tftc	dn_hstacadv	Tactical (Adv)	This upgrade toughens the Tactical Laboratory and gives teams more research options, especially for Stealth Fighter craft.	0	1000100000000000000000000000000000000000000020000000000000010000000000000000000000000000000000000000	010000000000000000000000000000000000000000000000000000C080001000000000001000000000000000000000000000	0000000000000000000000001000000000000000000000000000000000000001000000000000000000000000000000000000
38	2.5	13333	6666	27	66	2400	0	400	34	7 (Heavy Base)	10 (Heavy Base Shields)	CanStartHere CanRestartHere CanBeCaptured CanLandHere CanRepair CanReload IsVictoryObjective 	CanBeSilicon 	7	10		.Tactical	10000	120	tftc	dn_hstac	Tactical	Build to ruin your enemies' infrastructure with technologies such as the Stealth Fighter, anti-utility cannons, and signature cloak.	0	1000100000000000000000000000000000000000000000000000000000010000000000000000000000000000000000000000	0000000000000000000000000000000000000000000000000000008080001000000000000000000000000000000000000000	0000000000000000000000001000000000000000000000000000000000000001000000000000000000000000000000000000
35	2.5	25000	15000	50	150	4500	0	450	-1	7 (Heavy Base)	10 (Heavy Base Shields)	CanOffloadMinerals CanStartHere CanRestartHere CanBeCaptured CanLandHere CanRepair CanReload IsVictoryObjective 	CanBeRegular 	0	10		.GarrisonStr	17500	120	tfgrr	dn_hsgaradv	Garrison (Str)	This upgrade toughens the Garrison and makes available several key ship upgrades.	0	0000100000000000000000000000000000000000000001000000000000000001000000000000000000000000000000000000	0000600000000000000000000000000000000000000000000000000000000000000000000400000000000000000000000000	0000000000000000000000081000000000000000000000000000000000010001000000000000000000000000000000000000
40	2.5	20000	10000	40	100	3600	0	450	35	7 (Heavy Base)	10 (Heavy Base Shields)	CanOffloadMinerals CanStartHere CanRestartHere CanBeCaptured CanLandHere CanRepair CanReload IsVictoryObjective 	CanBeRegular 	0	10		.Garrison	17500	120	tfgrr	dn_hsgar	Garrison	Build as a hub for all sector activity and to build all the other large buildings, the nexus of your team's operation.	0	0000100000000000000000000000000000000000000000000000000000000001000000000000000000000000000000000000	0000400000000000000000000000000000000000000000000000000000000000000000000000000000000000000000000000	0000000000000000000000001000000000000000000000000000000000014001000000000000000000000000000000000000
46	1	6666	6666	13	66	2400	0	363	-1	6 (Light Base)	9 (Light Base Shields)	CanOffloadMinerals CanStartHere CanRestartHere CanBeCaptured CanLandHere CanRepair CanReload 	CanBeRegular 	1	15		.Outpost	5000	90	ss402	dn_hsout	Outpost	Build to move your launch point closer to the enemy and to establish territorial control. It provides no technology benefits.	0	0020000000000000000000000000000000000000000000000000000000000001000000000000000000000000000000000000	0008000000000000000000000000000000000000000000000000000000000000000000000000000000000000000000000000	0000000000000000000000001000000000000000000000000000000000000001000000000000000000000000000000000000
48	0.5	6666	3333	13	33	2400	0	60	-1	6 (Light Base)	9 (Light Base Shields)	CanRipHere 	CanBeRegular 	3	15		.Teleport	3000	90	ss408	ripstation	Teleport	Build to establish a rapid-response transportation system. Good in defense and offense.	0	0020000000000000000000000000000000000000000000000000000000000001000000000000000000000000000000000000	0000000000000000000000000000000000000000000000000000000000000000000000000000000000000000000000000000	0000000000000000000000000000000000000000000000000000000000000000000000000000000000000000000000000000
50	2.5	20000	10000	40	100	3000	0	540	-1	7 (Heavy Base)	10 (Heavy Base Shields)	CanOffloadMinerals CanStartHere CanRestartHere CanBeCaptured CanLandHere CanRepair CanReload IsVictoryObjective CanLandCapitols 	CanBeRegular 	2	16		.ShipyardDry	15000	120	ss405	iconshipyd	Shipyard (Dry)	This upgrade toughens the Shipyard and gives teams more research options for capital ships, particularly the Cruiser-class ship.	0	4020000000000000000000000000000000040000000000000000008000010000000000000000000000000000000000000000	0010000000000000000000000000000000000000000000400000000010000000000000000000000000000000000000000000	0000000000000000000000001000000000000000000000000000000000008001000000000000000000000000000000000000
49	2.5	13333	6666	27	66	2400	0	540	50	7 (Heavy Base)	10 (Heavy Base Shields)	CanOffloadMinerals CanStartHere CanRestartHere CanBeCaptured CanLandHere CanRepair CanReload IsVictoryObjective CanLandCapitols 	CanBeRegular 	2	16		.Shipyard	15000	120	ss405	iconsy	Shipyard	Build to destroy your opponents' installations with anti-base missiles and capital-class ships such as Frigates and Destroyers.	0	4020000000000000000000000000000000000000000000000000008000010000000000000000000000000000000000000000	0010000000000000000000000000000000000000000000000000000010000000000000000000000000000000000000000000	0000000000000000000000001000000000000000000000000000000000008001000000000000000000000000000000000000
52	2.5	20000	10000	40	100	3000	0	302.5	-1	7 (Heavy Base)	10 (Heavy Base Shields)	CanOffloadMinerals CanStartHere CanRestartHere CanBeCaptured CanLandHere CanRepair CanReload IsVictoryObjective 	CanBeCarbon 	6	16		.SupremacyAdv	10000	120	wc_gtsup	dn_hssupadv	Supremacy (Adv)	This upgrade toughens the Supremacy Center and gives players more research options, especially for Fighter-class ships.	0	0820000000000000000000000000000000000000000010000000000000010000000000000000000000000000000000000000	000600000000000000000000000000000000000000030000000000C040000000000000000800000000000000000000000000	0000000000000000000000001000000000000000000000000000000000000001000000000000000000000000000000000000
51	2.5	13333	6666	27	66	2400	0	302.5	52	7 (Heavy Base)	10 (Heavy Base Shields)	CanOffloadMinerals CanStartHere CanRestartHere CanBeCaptured CanLandHere CanRepair CanReload IsVictoryObjective 	CanBeCarbon 	6	16		.Supremacy	10000	120	wc_gtsup	dn_hssup	Supremacy	Build to quickly seize sector control with the versatile Fighter-class ship and a large array of weaponry and offensive technologies.	0	0820000000000000000000000000000000000000000000000000000000010000000000000000000000000000000000000000	0004000000000000000000000000000000000000000100000000008040000000000000000000000000000000000000000000	0000000000000000000000001000000000000000000000000000000000000001000000000000000000000000000000000000
54	2.5	20000	10000	40	100	3000	0	302.5	-1	7 (Heavy Base)	10 (Heavy Base Shields)	CanOffloadMinerals CanStartHere CanRestartHere CanBeCaptured CanLandHere CanRepair CanReload IsVictoryObjective 	CanBeUranium 	5	16		.ExpansionAdv	10000	120	ss400	dn_hsexpadv	Expansion (Adv)	This upgrade toughens the Expansion Complex and provides more research technologies, especially for Interceptors and Troop Transports.	0	2020000000000000000000000000010000000000000000000000000000010000000000000000000000000000000000000000	008100000000000000000000000000000000000000030000000000C020000000000000002000000000000000000000000000	0000000000000000000000001000000000000000000000000000000000000001000000000000000000000000000000000000
53	2.5	13333	6666	27	66	2400	0	302.5	54	7 (Heavy Base)	10 (Heavy Base Shields)	CanOffloadMinerals CanStartHere CanRestartHere CanBeCaptured CanLandHere CanRepair CanReload IsVictoryObjective 	CanBeUranium 	5	16		.Expansion	10000	120	ss400	dn_hsexp	Expansion	Build to develop economic and defensive technologies such as better mining yield, Interceptors and Troop Transport craft.	0	2020000000000000000000000000000000000000000000000000000000010000000000000000000000000000000000000000	0080000000000000000000000000000000000000000100000000008020000000000000000000000000000000000000000000	0000000000000000000000001000000000000000000000000000000000000001000000000000000000000000000000000000
56	2.5	20000	10000	40	100	3000	0	302.5	-1	7 (Heavy Base)	10 (Heavy Base Shields)	CanOffloadMinerals CanStartHere CanRestartHere CanBeCaptured CanLandHere CanRepair CanReload IsVictoryObjective 	CanBeSilicon 	7	16		.TacticalAdv	10000	120	wc_gttac	dn_hstacadv	Tactical (Adv)	This upgrade toughens the Tactical Laboratory and gives teams more research options, especially for Stealth Fighter craft.	0	1020000000000000000000000000000000000000000020000000000000010000000000000000000000000000000000000000	010000000000000000000000000000000000000000000000000000C080001000000000001000000000000000000000000000	0000000000000000000000001000000000000000000000000000000000000001000000000000000000000000000000000000
55	2.5	13333	6666	27	66	2400	0	302.5	56	7 (Heavy Base)	10 (Heavy Base Shields)	CanOffloadMinerals CanStartHere CanRestartHere CanBeCaptured CanLandHere CanRepair CanReload IsVictoryObjective 	CanBeSilicon 	7	16		.Tactical	10000	120	wc_gttac	dn_hstac	Tactical	Build to ruin your enemies' infrastructure with technologies such as the Stealth Fighter, anti-utility cannons, and signature cloak.	0	1020000000000000000000000000000000000000000000000000000000010000000000000000000000000000000000000000	0000000000000000000000000000000000000000000000000000008080001000000000000000000000000000000000000000	0000000000000000000000001000000000000000000000000000000000000001000000000000000000000000000000000000
42	2.5	20000	10000	40	100	3000	0	302.5	-1	7 (Heavy Base)	10 (Heavy Base Shields)	CanOffloadMinerals CanStartHere CanRestartHere CanBeCaptured CanLandHere CanRepair CanReload IsVictoryObjective 	CanBeRegular 	12	16		.Palisade	10000	120	wc_gtpali	dn_hspal	[P]alisade	Build for the ability to upgrade tech bases. Requires any normal asteroid.	0	0020000000000000000000000000000000000000000000000000000000010000000000000000000000000000000000000000	0000000000000000000000000000000000000000000000000000000000000000010000000000000000000000000000000000	0000000000000000000000001000000000000000000000000000000000010001000000000000000000000000000000000000
43	2.5	13333	6666	27	66	2400	0	302.5	-1	7 (Heavy Base)	10 (Heavy Base Shields)	CanOffloadMinerals CanStartHere CanRestartHere CanBeCaptured CanLandHere CanRepair CanReload 	CanBeUranium CanBeSilicon CanBeCarbon 	13	16		.Research	10000	120	ss404	dn_hsres	[R]esearch	Build to develop Garrison Guardians, Palisade PT Bombers & Mustangs and advanced supplimental technologies in all tech paths. Requires Uranium, Silicon or Carbon asteroid.	0	0020000000000000000000000000000000000000000000000000000000010000000000000000000000000000000000000000	0000000000000000000000000000000000000000000000000000000000000000020000000000000000000000000000000000	0000000000000000000000001000000000000000000000000000000000000001000000000000000000000000000000000000
45	2.5	25000	15000	50	150	4500	0	400	-1	7 (Heavy Base)	10 (Heavy Base Shields)	CanOffloadMinerals CanStartHere CanRestartHere CanBeCaptured CanLandHere CanRepair CanReload IsVictoryObjective 	CanBeRegular 	0	16		.GarrisonStr	25000	120	ss401	dn_hsgaradv	Garrison (Str)	Build as a hub for all sector activity and to build the Palisade Station, the nexus of your team's operation.	0	0020000000000000000000000000000000000000000001000000000000000001000000000000000000000000000000000000	0000600000000000000000000000000000000000000000000000000000000000000000000400000000000000000000000000	0000000000000000000000081000000000000000000000000000000000010001000000000000000000000000000000000000
44	2.5	20000	10000	40	100	3600	0	400	45	7 (Heavy Base)	10 (Heavy Base Shields)	CanOffloadMinerals CanStartHere CanRestartHere CanBeCaptured CanLandHere CanRepair CanReload IsVictoryObjective 	CanBeRegular 	0	16		.Garrison	20000	120	ss401	dn_hsgar	Garrison	Build as a hub for all sector activity and to build the Palisade Station, the nexus of your team's operation.	0	0020000000000000000000000000000000000000000000000000000000000001000000000000000000000000000000000000	0000400000000000000000000000000000000000000000000000000000000000000000000000000000000000000000000000	0000000000000000000000081000000000000000000000000000000000010001000000000000000000000000000000000000
702	1	6666	6666	13	66	2400	0	200	-1	6 (Light Base)	9 (Light Base Shields)	CanOffloadMinerals CanStartHere CanRestartHere CanBeCaptured CanLandHere CanRepair CanReload 	CanBeRegular 	1	54		.Outpost	5000	90	faohbsop	dn_hsout	Outpost	Build to move your launch point closer to the enemy and to establish territorial control. It provides no technology benefits but cannot be destroyed by small ship weapons.	0	0000800000000000000000000000000000000000000000000000000000000001000000000000000000000000000000000000	0008000000000000000000000000000000000000000000000000000000000000000000000000000000000000000000000000	0000000000000000000000001000000000000000000000000000000000000001000000000000000000000000000000000000
747	0.5	6666	3333	13	33	2400	0	60	-1	6 (Light Base)	9 (Light Base Shields)	CanOffloadMinerals CanRipHere CanTeleportOffloadMinerals CanRescuePods 	CanBeRegular 	3	54		.TeleRefinery	3800	90	faohbstp	cc_sitelref	TeleRefinery	Build to establish a rapid-response transportation system. Good in defense and offense.	0	0000800000000000000000000000000000000000000000000000000000000001000000000000000000000000000000000000	0000000000000000000000000000000000000000000000000000000000000000000000000000000000000000000000000000	0000000000000000000000000000000000000000000000000000000000000000000000000000000000000000000000000000
701	2.5	20000	10000	40	100	3000	0	540	-1	7 (Heavy Base)	10 (Heavy Base Shields)	CanStartHere CanRestartHere CanBeCaptured CanLandHere CanRepair CanReload IsVictoryObjective CanLandCapitols 	CanBeRegular 	2	53		.ShipyardDry	10000	300	faohbssy	iconshipyd	Shipyard (Dry)	This upgrade toughens the Shipyard and gives teams more research options for capital ships, particularly the Cruiser-class ship.	0	4000800000000000000000000000000000040000000000000000000000010000000000000000000000000000000000000000	0010000000000000000000000000000000010000000000400000000010000000000000000000000000000000000000000000	0000000000000000000000001000000000000000000000000000000000008001000000000000000000000000000000000000
703	2.5	13333	6666	27	66	2400	0	540	701	7 (Heavy Base)	10 (Heavy Base Shields)	CanStartHere CanRestartHere CanBeCaptured CanLandHere CanRepair CanReload IsVictoryObjective CanLandCapitols 	CanBeRegular 	2	53		.Shipyard	10000	300	faohbssy	iconsy	Shipyard	Build to destroy your opponents' installations with anti-base missiles and capital-class ships such as Frigates and Destroyers.	0	4000800000000000000000000000000000000000000000000000000000010000000000000000000000000000000000000000	0010000000000000000000000000000000010000000000000000000010000000000000000000000000000000000000000000	0000000000000000000000001000000000000000000000000000000000008001000000000000000000000000000000000000
707	2.5	20000	10000	40	100	3000	0	225	-1	7 (Heavy Base)	10 (Heavy Base Shields)	CanStartHere CanRestartHere CanBeCaptured CanLandHere CanRepair CanReload IsVictoryObjective 	CanBeCarbon 	6	53		.SupremacyAdv	15000	300	faohbssup	dn_hssupadv	Supremacy (Adv)	This upgrade toughens the Supremacy Center and gives players more research options, especially for Fighter-class ships.	0	0800800000000000000000000000000000000000000010000000000000010000000000000000000000000000000000000000	000600000000000000000000000000000000000000030000000000C040000000000000000800000000000000000000000000	0000000000000000000000001000000000000000000000000000000000000001000000000000000000000000000000000000
711	2.5	13333	6666	27	66	2400	0	225	707	7 (Heavy Base)	10 (Heavy Base Shields)	CanStartHere CanRestartHere CanBeCaptured CanLandHere CanRepair CanReload IsVictoryObjective 	CanBeCarbon 	6	53		.Supremacy	15000	300	faohbssup	dn_hssup	Supremacy	Build to quickly seize sector control with the versatile Fighter-class ship and a large array of weaponry and offensive technologies.	0	0800800000000000000000000000000000000000000000000000000000010000000000000000000000000000000000000000	0004000000000000000000000000000000000000000100000000008040000000000000000000000000000000000000000000	0000000000000000000000001000000000000000000000000000000000000001000000000000000000000000000000000000
708	2.5	20000	10000	40	100	3000	0	302.5	-1	7 (Heavy Base)	10 (Heavy Base Shields)	CanStartHere CanRestartHere CanBeCaptured CanLandHere CanRepair CanReload IsVictoryObjective 	CanBeUranium 	5	53		.ExpansionAdv	15000	300	faohbsexp	dn_hsexpadv	Expansion (Adv)	This upgrade toughens the Expansion Complex and provides more research technologies, especially for Interceptors and Troop Transports.	0	2000800000000000000000000000010000000000000000000000000000010000000000000000000000000000000000000000	008100000000000000000000000000000000000000030000000000C020000000000000002000000000000000000000000000	0000000000000000000000001000000000000000000000000000000000000001000000000000000000000000000000000000
712	2.5	13333	6666	27	66	2400	0	302.5	708	7 (Heavy Base)	10 (Heavy Base Shields)	CanStartHere CanRestartHere CanBeCaptured CanLandHere CanRepair CanReload IsVictoryObjective 	CanBeUranium 	5	53		.Expansion	15000	300	faohbsexp	dn_hsexp	Expansion	Build to develop economic and defensive technologies such as better mining yield, Interceptors and Troop Transport craft.	0	2000800000000000000000000000000000000000000000000000000000010000000000000000000000000000000000000000	0080000000000000000000000000000000000000000100000000008020000000000000000000000000000000000000000000	0000000000000000000000001000000000000000000000000000000000000001000000000000000000000000000000000000
709	2.5	20000	10000	40	100	3000	0	225	-1	7 (Heavy Base)	10 (Heavy Base Shields)	CanStartHere CanRestartHere CanBeCaptured CanLandHere CanRepair CanReload IsVictoryObjective 	CanBeSilicon 	7	53		.TacticalAdv	15000	300	faohbstac	dn_hstacadv	Tactical (Adv)	This upgrade toughens the Tactical Laboratory and gives teams more research options, especially for Stealth Fighter craft.	0	1000800000000000000000000000000000000000000020000000000000010000000000000000000000000000000000000000	010000000000000000000000000000000000000000000000000000C080001000000000001000000000000000000000000000	0000000000000000000000001000000000000000000000000000000000000001000000000000000000000000000000000000
713	2.5	13333	6666	27	66	2400	0	225	709	7 (Heavy Base)	10 (Heavy Base Shields)	CanStartHere CanRestartHere CanBeCaptured CanLandHere CanRepair CanReload IsVictoryObjective 	CanBeSilicon 	7	53		.Tactical	15000	300	faohbstac	dn_hstac	Tactical	Build to ruin your enemies' infrastructure with technologies such as the Stealth Fighter, anti-utility cannons, and signature cloak.	0	1000800000000000000000000000000000000000000000000000000000010000000000000000000000000000000000000000	0000000000000000000000000000000000000000000000000000008080001000000000000000000000000000000000000000	0000000000000000000000001000000000000000000000000000000000000001000000000000000000000000000000000000
710	2.5	25000	15000	50	150	4500	0	302.5	-1	7 (Heavy Base)	10 (Heavy Base Shields)	CanOffloadMinerals CanStartHere CanRestartHere CanBeCaptured CanLandHere CanRepair CanReload IsVictoryObjective 	CanBeRegular 	0	53		.GarrisonStr	20000	300	faohbsgar	dn_hsgaradv	Garrison (Str)	This upgrade toughens the Garrison and makes available several key ship upgrades.	0	0000800000000000000000000000000000000000000001000000000000000001000000000000000000000000000000000000	0000600000000000000000000000000000000000000000000000000000000000000000000400000000000000000000000000	0000000000000000000000081000000000000000000000000000000000010001000000000000000000000000000000000000
715	2.5	20000	10000	40	100	3600	0	302.5	710	7 (Heavy Base)	10 (Heavy Base Shields)	CanOffloadMinerals CanStartHere CanRestartHere CanBeCaptured CanLandHere CanRepair CanReload IsVictoryObjective 	CanBeRegular 	0	53		.Garrison	20000	300	faohbsgar	dn_hsgar	Garrison	Build as a hub for all sector activity and to build all the other large buildings, the nexus of your team's operation.	0	0000800000000000000000000000000000000000000000000000000000000001000000000000000000000000000000000000	0000400000000000000000000000000000000000000000000000000000000000000000000000000000000000000000000000	0000000000000000000000001000000000000000000000000000000000014001000000000000000000000000000000000000
802	1	6666	6666	13	66	2400	0	150	-1	6 (Light Base)	9 (Light Base Shields)	CanOffloadMinerals CanStartHere CanRestartHere CanBeCaptured CanLandHere CanRepair CanReload 	CanBeRegular 	1	60		.Outpost	5000	90	ta_drac_op	dn_hsout	Outpost	Build to move your launch point closer to the enemy and to establish territorial control. It provides no technology benefits but cannot be destroyed by small ship weapons.	0	0000001000000000000000000000000000000000000000000000000000000001000000000000000000000000000000000000	0008000000000000000000000000000000000000000000000000000000000000000000000000000000000000000000000000	0000000000000000000000001000000000000000000000000000000000000001000000000000000000000000000000000000
847	0.5	6666	3333	13	33	2400	0	60	-1	6 (Light Base)	9 (Light Base Shields)	CanOffloadMinerals CanRipHere CanTeleportOffloadMinerals CanRescuePods 	CanBeRegular 	3	60		.TeleRefinery	3800	90	ta_drac_tp	cc_sitelref	TeleRefinery	Build to establish a rapid-response transportation system. Good in defense and offense.	0	0000001000000000000000000000000000000000000000000000000000000001000000000000000000000000000000000000	0000000000000000000000000000000000000000000000000000000000000000000000000000000000000000000000000000	0000000000000000000000000000000000000000000000000000000000000000000000000000000000000000000000000000
801	2.5	20000	10000	40	100	3000	0	300	-1	7 (Heavy Base)	10 (Heavy Base Shields)	CanStartHere CanRestartHere CanBeCaptured CanLandHere CanRepair CanReload IsVictoryObjective CanLandCapitols 	CanBeRegular 	2	59		.ShipyardDry	15000	120	ta_drac_sy	iconshipyd	Shipyard (Dry)	This upgrade toughens the Shipyard and gives teams more research options for capital ships, particularly the Cruiser-class ship.	0	4000001000000000000000000000000000040000000000000000008000010000000000000000000000000000000000000000	0010000000000000000000000000000000000000000000400000000010000000000000000000000000000000000000000000	0000000000000000000000001000000000000000000000000000000000008001000000000000000000000000000000000000
803	2.5	13333	6666	27	66	2400	0	300	801	7 (Heavy Base)	10 (Heavy Base Shields)	CanStartHere CanRestartHere CanBeCaptured CanLandHere CanRepair CanReload IsVictoryObjective CanLandCapitols 	CanBeRegular 	2	59		.Shipyard	15000	120	ta_drac_sy	iconsy	Shipyard	Build to destroy your opponents' installations with anti-base missiles and capital-class ships such as Frigates and Destroyers.	0	4000001000000000000000000000000000000000000000000000008000010000000000000000000000000000000000000000	0010000000000000000000000000000000000000000000000000000010000000000000000000000000000000000000000000	0000000000000000000000001000000000000000000000000000000000008001000000000000000000000000000000000000
807	2.5	20000	10000	40	100	3000	0	302.5	-1	7 (Heavy Base)	10 (Heavy Base Shields)	CanStartHere CanRestartHere CanBeCaptured CanLandHere CanRepair CanReload IsVictoryObjective 	CanBeCarbon 	6	59		.SupremacyAdv	10000	120	ta_drac_sup	dn_hssupadv	Supremacy (Adv)	This upgrade toughens the Supremacy Center and gives players more research options, especially for Fighter-class ships.	0	0800001000000000000000000000000000000000000010000000000000010000000000000000000000000000000000000000	000600000000000000000000000000000000000000030000000000C040000000000000000800000000000000000000000000	0000000000000000000000001000000000000000000000000000000000000001000000000000000000000000000000000000
811	2.5	13333	6666	27	66	2400	0	302.5	807	7 (Heavy Base)	10 (Heavy Base Shields)	CanStartHere CanRestartHere CanBeCaptured CanLandHere CanRepair CanReload IsVictoryObjective 	CanBeCarbon 	6	59		.Supremacy	10000	120	ta_drac_sup	dn_hssup	Supremacy	Build to quickly seize sector control with the versatile Fighter-class ship and a large array of weaponry and offensive technologies.	0	0800001000000000000000000000000000000000000000000000000000010000000000000000000000000000000000000000	0004000000000000000000000000000000000000000100000000008040000000000000000000000000000000000000000000	0000000000000000000000001000000000000000000000000000000000000001000000000000000000000000000000000000
808	2.5	20000	10000	40	100	3000	0	400	-1	7 (Heavy Base)	10 (Heavy Base Shields)	CanStartHere CanRestartHere CanBeCaptured CanLandHere CanRepair CanReload IsVictoryObjective 	CanBeUranium 	5	59		.ExpansionAdv	10000	120	ta_drac_exp	dn_hsexpadv	Expansion (Adv)	This upgrade toughens the Expansion Complex and provides more research technologies, especially for Interceptors and Troop Transports.	0	2000001000000000000000000000010000000000000000000000000000010000000000000000000000000000000000000000	008100000000000000000000000000000000000000030000000000C020000000000000002000000000000000000000000000	0000000000000000000000001000000000000000000000000000000000000001000000000000000000000000000000000000
812	2.5	13333	6666	27	66	2400	0	400	808	7 (Heavy Base)	10 (Heavy Base Shields)	CanStartHere CanRestartHere CanBeCaptured CanLandHere CanRepair CanReload IsVictoryObjective 	CanBeUranium 	5	59		.Expansion	10000	120	ta_drac_exp	dn_hsexp	Expansion	Build to develop economic and defensive technologies such as better mining yield, Interceptors and Troop Transport craft.	0	2000001000000000000000000000000000000000000000000000000000010000000000000000000000000000000000000000	0080000000000000000000000000000000000000000100000000008020000000000000000000000000000000000000000000	0000000000000000000000001000000000000000000000000000000000000001000000000000000000000000000000000000
809	2.5	20000	10000	40	100	3000	0	302.5	-1	7 (Heavy Base)	10 (Heavy Base Shields)	CanStartHere CanRestartHere CanBeCaptured CanLandHere CanRepair CanReload IsVictoryObjective 	CanBeSilicon 	7	59		.TacticalAdv	10000	120	ta_drac_tac	dn_hstacadv	Tactical (Adv)	This upgrade toughens the Tactical Laboratory and gives teams more research options, especially for Stealth Fighter craft.	0	1000001000000000000000000000000000000000000020000000000000010000000000000000000000000000000000000000	010000000000000000000000000000000000000000000000000000C080001000000000001000000000000000000000000000	0000000000000000000000001000000000000000000000000000000000000001000000000000000000000000000000000000
813	2.5	13333	6666	27	66	2400	0	302.5	809	7 (Heavy Base)	10 (Heavy Base Shields)	CanStartHere CanRestartHere CanBeCaptured CanLandHere CanRepair CanReload IsVictoryObjective 	CanBeSilicon 	7	59		.Tactical	10000	120	ta_drac_tac	dn_hstac	Tactical	Build to ruin your enemies' infrastructure with technologies such as the Stealth Fighter, anti-utility cannons, and signature cloak.	0	1000001000000000000000000000000000000000000000000000000000010000000000000000000000000000000000000000	0000000000000000000000000000000000000000000000000000008080001000000000000000000000000000000000000000	0000000000000000000000001000000000000000000000000000000000000001000000000000000000000000000000000000
810	2.5	25000	15000	50	150	4500	0	350	-1	7 (Heavy Base)	10 (Heavy Base Shields)	CanOffloadMinerals CanStartHere CanRestartHere CanBeCaptured CanLandHere CanRepair CanReload IsVictoryObjective 	CanBeRegular 	0	59		.GarrisonStr	20000	120	ta_drac_garr	dn_hsgaradv	Garrison (Str)	This upgrade toughens the Garrison and makes available several key ship upgrades.	0	0000001000000000000000000000000000000000000001000000000000000001000000000000000000000000000000000000	0000600000000000000000000000000000000000000000000000000000000000000000000400000000000000000000000000	0000000000000000000000081000000000000000000000000000000000010001000000000000000000000000000000000000
815	2.5	20000	10000	40	100	3600	0	350	810	7 (Heavy Base)	10 (Heavy Base Shields)	CanOffloadMinerals CanStartHere CanRestartHere CanBeCaptured CanLandHere CanRepair CanReload IsVictoryObjective 	CanBeRegular 	0	59		.Garrison	20000	120	ta_drac_garr	dn_hsgar	Garrison	Build as a hub for all sector activity and to build all the other large buildings, the nexus of your team's operation.	0	0000001000000000000000000000000000000000000000000000000000000001000000000000000000000000000000000000	0000400000000000000000000000000000000000000000000000000000000000000000000000000000000000000000000000	0000000000000000000000001000000000000000000000000000000000014001000000000000000000000000000000000000
500	2.5	10000	0	0	0	0	0	25	-1	6 (Light Base)	9 (Light Base Shields)	IsFlagPedestal 	CanBeRegular 	8	627		Refinery	1000	120	biosplat	station	Platform	Location for flags	0	8000000000000000000000000000000000000000000000000000000000000000000000000000000000000000000000000000	0000000000000000000000000000000000000000000000000000000000000000000000000000000000000000000000000000	0000000000000000000000000000000000000000000000000000000000000000000000000000000000000000000000000000
